,Kri_Z1,Kri_Z2,Kri_Z3,Kri_Z4,Kri_Z5,Kri_Z6,Kri_Z7,Kri_Z8,Kri_Z9,Kri_Z10,Kri_Z11,Kri_Z12,Kri_Z13,Kri_Z14,Kri_Z15,Kri_Z16,Kri_Z17,Kri_Z18,Kri_Z19,Kri_Z20,Kri_Z21,Kri_Z22,Kri_Z23,Kri_Z24,Kri_Z25,Kri_Z26,Kri_Z27,Kri_Z28,Kri_Z29,Kri_Z30,Kri_Z31,Kri_Z32,Kri_Z33,Kri_Z34,Kri_Z35,Kri_Z36,Kri_Z37,Kri_Z38,Kri_Z39,Kri_Z40,Kri_Z41,Kri_Z42,Kri_Z43,Kri_Z44,Kri_Z45,Kri_Z46,Kri_Z47,Kri_Z48,Kri_Z49,Kri_Z50,SVR_Z1,SVR_Z2,SVR_Z3,SVR_Z4,SVR_Z5,SVR_Z6,SVR_Z7,SVR_Z8,SVR_Z9,SVR_Z10,SVR_Z11,SVR_Z12,SVR_Z13,SVR_Z14,SVR_Z15,SVR_Z16,SVR_Z17,SVR_Z18,SVR_Z19,SVR_Z20,SVR_Z21,SVR_Z22,SVR_Z23,SVR_Z24,SVR_Z25,SVR_Z26,SVR_Z27,SVR_Z28,SVR_Z29,SVR_Z30,SVR_Z31,SVR_Z32,SVR_Z33,SVR_Z34,SVR_Z35,SVR_Z36,SVR_Z37,SVR_Z38,SVR_Z39,SVR_Z40,SVR_Z41,SVR_Z42,SVR_Z43,SVR_Z44,SVR_Z45,SVR_Z46,SVR_Z47,SVR_Z48,SVR_Z49,SVR_Z50,ELN_Z1,ELN_Z2,ELN_Z3,ELN_Z4,ELN_Z5,ELN_Z6,ELN_Z7,ELN_Z8,ELN_Z9,ELN_Z10,ELN_Z11,ELN_Z12,ELN_Z13,ELN_Z14,ELN_Z15,ELN_Z16,ELN_Z17,ELN_Z18,ELN_Z19,ELN_Z20,ELN_Z21,ELN_Z22,ELN_Z23,ELN_Z24,ELN_Z25,ELN_Z26,ELN_Z27,ELN_Z28,ELN_Z29,ELN_Z30,ELN_Z31,ELN_Z32,ELN_Z33,ELN_Z34,ELN_Z35,ELN_Z36,ELN_Z37,ELN_Z38,ELN_Z39,ELN_Z40,ELN_Z41,ELN_Z42,ELN_Z43,ELN_Z44,ELN_Z45,ELN_Z46,ELN_Z47,ELN_Z48,ELN_Z49,ELN_Z50
0,-0.046400232885728185,-0.03560728745411923,-0.03945413837606769,-0.04082889058166989,0.05080723249698969,-0.0981558616161956,0.14197103719160714,-0.0017938981531883,-0.11804797251519607,0.11707646208770946,-0.013198026511392291,0.16438471020928713,-0.06101673729846476,0.00790875852252354,-0.09901519340331735,-0.30886517848329875,0.013879457852216488,0.0007573810172006456,0.003541738576213818,0.006112036544228262,-0.06983266682979943,0.11832033479312964,0.003528661091803536,0.09327854111715476,0.03599704961444466,0.028015514906658594,-0.1775083082789718,-0.0424415334131858,0.16766353573887727,0.0749134349662284,-0.33676576583389095,-0.05981655684994602,-0.0918465493966811,0.11296079485581938,0.038406694804573545,-0.15721379017985754,-0.0401849735012989,-0.09695050437318377,0.01008718184483237,-0.39367959155450805,-0.01991445051566966,0.01658915695987544,-0.14295610975266615,0.12018302820592033,-0.1634122331861867,0.02806507440247586,0.20397600460176243,-0.20565565150326337,0.26530908654517166,-0.06339454199499284,-0.24165282570441354,1.2522541478499194,0.10439052277785088,0.589161481258458,0.5164614176488758,0.4877743022827556,0.5505560365580795,0.18554790149176603,0.6662781659498616,0.9556922415621817,0.9368996744873122,-0.037257197207217096,0.8272793945035103,0.6681433394312521,0.8327517785788296,-0.05397571117195135,0.546230854748414,-0.10049858981597379,0.5405848165378642,1.0712735139673695,-0.20286915326215185,0.7831443426143145,1.0813670880850241,0.1477566411031495,0.8141832126355716,1.206236811840201,0.6343222294644631,0.5095385188857229,0.5530750168056277,0.13966661051134405,1.0044381396246471,0.494324117664049,0.41715329034060555,0.7527942939699745,0.2745923979893099,0.3787923579707374,0.9340258883532406,1.0151049384613504,0.19722788715380118,-0.10948673599059605,-0.3083279247690033,0.2537061522672418,0.34896792891997575,0.5596444844640049,-0.0650086676663782,0.33276406202101055,0.42260726245019703,1.0167917952709518,0.20507724526979976,0.3118649873124769,-172.30807467367077,1691.3841617454066,462.9609743380684,-373.6913960969706,-546.9710932496242,1004.5664126020739,-1248.136575870226,1006.8593566154746,240.5620319386415,288.65120665040706,1011.8119064970435,-983.9287442129112,-865.6143917099085,68.84497949191652,624.7565017697009,-946.1420196744152,70.2068254400539,-584.0341388515807,-339.25402364196543,-662.0664420997967,-612.1039714278761,102.80744321851478,-637.6910893093249,344.61024141500525,-334.43518927649444,482.167107304242,31.291134437968395,620.554836312008,1144.350001645557,-482.019475424476,-455.50824224674017,387.23682975950277,673.1730424971282,761.8561932623761,-295.82422815269086,1074.6884662863135,1341.4721880592651,375.9920614739448,603.8804650409812,-712.2827083171705,366.1545840477678,436.30513839501566,55.671427790630986,-331.4376818636935,-327.20857670847016,1548.4179501176368,962.2408107947801,476.2292323403701,1640.2411067238913,-194.09469011975986
1,-0.0464002227582658,-0.03560729124686395,-0.03945414063643014,-0.04082889290124587,0.05080724069937324,-0.09815585921279488,0.14197103226016222,-0.0017938917668932732,-0.11804797578527622,0.11707646329579556,-0.013198038093024812,0.16438471260599996,-0.061016733208339724,0.007908758653311046,-0.09901519000923031,-0.30886516678523274,0.013879444581552944,0.0007573737324564391,0.0035417338597873247,0.006112033252684564,-0.06983265912632214,0.11832033446730551,0.0035286627745621806,0.09327854669180484,0.035997052815880455,0.02801550935705947,-0.17750830859936573,-0.042441531335474146,0.1676635383188345,0.07491344077106402,-0.3367657540823967,-0.059816559898432854,-0.09184655133963104,0.11296080405336913,0.038406699530779055,-0.15721379316678685,-0.040184986549172734,-0.09695052681821402,0.01008717840443818,-0.3936796012435385,-0.019914455280246823,0.016589155197488,-0.14295610444386028,0.12018302567894325,-0.1634122343851374,0.02806506363747279,0.20397600301587884,-0.20565566499672205,0.26530909216784787,-0.06339453955638961,0.3131866704961638,-0.08183544103484411,0.059853572174914244,0.4133877363514755,0.30017102258299255,0.9410067881473695,0.27724006835416676,0.4592290498670679,0.27803121922434254,0.233857140834499,0.21238982947658153,0.7188046681497198,1.451532792505112,0.8916978381964505,0.1724987093128317,0.9448970389281516,0.5025385228662677,1.2105674799981725,0.3179725500005408,0.9434637351425534,0.450622497895743,0.006106323353017973,0.7184636341634308,0.18355143614582825,-0.1482974354682569,0.7668953112818536,-0.08335993499409355,0.4439098722564858,0.4451715368883345,0.5427310281848267,0.25325876575120665,0.18780620766269257,-0.02328724210035224,0.19125251294968615,0.36620260452077885,-0.11246932779890378,0.5273800083534204,0.30051301884595216,0.5132421379959657,0.6371290153505367,0.29005471694505913,1.244361891700958,0.11253137869645179,0.7215322470655531,-0.022459325619064486,0.4423646199542054,0.8729082224632445,0.08845361940189553,0.34978032162897077,-0.2032834092542245,-816.1899527878988,626.9067144291569,90.1952282646032,-1052.6323758523163,-129.87537465783805,722.5909424809569,-374.3800389873493,-32.995646932310166,-218.03675633382062,-590.7297912456442,-44.616018830745496,0.29780693343731635,-513.7452103000012,556.2097652700669,413.9157377063044,-140.10653576471182,-16.662967640900288,-1651.4867346948793,28.03568651851907,753.7819075392792,-1063.8837678756254,524.8235798544761,594.1942219770311,645.375731841215,187.0982948543798,-705.6961334440202,-1101.3694669956535,1090.2786365147858,-476.2432098207323,-159.6912422246786,98.02636205317151,553.9741572859949,-442.8788861745304,937.9478381454222,-259.4409360630577,924.3349598796823,2167.8314199212437,-212.7102869252136,903.6966634050476,-546.4476801244964,-483.67709024671683,-94.09184055364517,-901.0858896943469,134.7902990684807,-76.49302432647724,1985.8487353695284,-45.91755866909972,-234.36702070186152,687.0940890147275,-27.922514941721374
2,-0.2504701820636968,-0.20661894486676088,0.6000676667489286,0.8446880062894853,0.7702276676282751,-0.16966038723818969,1.5137918341166985,2.924174643752825,2.0306040222432027,1.4357383898128981,1.2621031593076733,1.054500138557413,0.635802425256524,1.0057327255010544,2.044443466838965,-0.1078952796530982,0.2973429110744349,1.272115639442907,1.7165631719944558,1.91259573626468,0.31056863764842507,1.481012357251118,0.6588408345560517,2.776775520063564,0.4208882469725181,0.8859965051967781,1.4470113661807837,0.6117244548332706,0.12797372804719825,1.6552698266097268,0.5167680966148225,-0.28289427717441173,1.236528074190097,0.19355755416599763,0.46849792010831176,-0.03165061196330396,0.7401343960660174,0.5155645746560351,1.9581407729120772,0.5110888084799775,1.1123144918348942,1.7675675478026915,1.1213517219979692,1.2240081937950695,0.3812702253957696,-0.4621739679764377,-0.37578228345527587,1.3711361979707966,2.222023816188594,1.4664322676932735,0.313550044925333,0.06061806506226152,0.5244033865607219,0.3885604995000104,0.25141443666143787,0.27132506433829556,0.02074411071654303,0.7315909751749488,0.14471578358656567,0.20155747088611992,0.37707642516589945,0.5918479341095444,0.5599622042370598,0.15156508238014044,0.6375545588456306,0.8333292437751707,0.06287973384760137,0.7033827981670779,1.0327586151728385,0.7877369544179996,0.4396961152212286,1.1203351116538103,0.31432331564081406,1.050257992634562,0.4416079497063385,0.9356906288104809,0.7753541518169671,-0.07916391807009604,-0.012804034695913541,0.5436945671478142,0.41337493504163203,0.6348553145463082,0.23727872280082846,0.4955130584023038,0.9916115787911722,-0.1340012062546926,-0.06870251657618015,0.04330942482001113,0.2218097886879556,0.26681343583001776,-0.013498195876491453,0.0064025036307372996,0.513612896891792,1.263833334538438,0.6717022878129264,0.29747974315283704,0.1087016210975843,0.7732597504402631,0.9043182636578724,1.3082276923744605,821.3769879318568,318.39987151297055,309.89621367422524,-166.91108010169773,-1169.0707113725348,-202.97949781790348,-1656.4168455435138,147.60751489966162,307.74187898482984,-172.45690983738243,310.1222783020838,-609.1449962640015,-1131.9893027867167,231.38211185740093,215.90836765933778,-1434.576553325834,1174.2604266973315,661.9021128995049,-431.784827293293,-685.6487762940127,-1567.3540638366485,508.4501168813907,974.6050138264558,558.748373712586,-1.1868001699826323,1425.808278806781,-665.5857039902638,496.1142686382782,493.6146509033495,-379.05456358183153,169.22849817945823,-205.4147425340169,-561.3118326863975,945.6712431611822,6.346056169220088,243.68629445183865,356.03690000735065,220.78057994210593,1044.7271158839546,43.37916549257393,425.91133265132174,748.5227143832233,235.9968004945096,238.886348404267,-237.9674610507612,698.003622688135,732.4832572177644,817.0377242210402,787.8873141261793,32.92962611836223
3,-0.046400223555807536,-0.03560728876066716,-0.03945414619158743,-0.040828905254024495,0.050807243946748175,-0.09815585571934057,0.1419710304808666,-0.001793893454369357,-0.11804796361651577,0.11707646616853559,-0.013198020317423004,0.16438470041927966,-0.06101674876610283,0.007908750320101212,-0.09901519692706565,-0.30886517424740423,0.01387944990371172,0.0007573780567928572,0.00354173115695138,0.006112039573623382,-0.06983266318621266,0.11832033474265591,0.0035286686403402283,0.09327853877222014,0.03599705806648385,0.028015512099845482,-0.17750830044403978,-0.04244152882280083,0.16766353582205984,0.07491344292838217,-0.33676576078435305,-0.059816549601937004,-0.09184655173148631,0.1129607946713474,0.03840669392828575,-0.15721379528981813,-0.040184979358265,-0.09695051259340427,0.010087175573217312,-0.3936795962589827,-0.019914453046037766,0.016589152915972828,-0.14295611507800146,0.12018301804782595,-0.16341224422420142,0.028065076529864504,0.2039760046054603,-0.20565565179157885,0.26530908465734143,-0.06339454720371156,1.2139851218326843,0.7967553308176639,-0.3827734327987543,0.0991959156209345,0.8126746829262813,0.9013135827700988,-0.07158612038668562,0.35726778098215495,-0.09661122152214718,-0.22525637489158734,1.2645748780948858,0.04588075095708238,0.3383604863107599,1.404005548983569,0.4668413822063252,0.8014227063928618,-0.03684038956867239,1.231123983240805,0.4444645080887742,0.6919526588393761,0.7635060381160688,0.7308950015200402,0.23972000852490838,-0.045991993308008405,0.6054897021160167,0.4056476819462218,0.3547186861652131,-0.11495337695144303,1.2122226069410047,0.8268152626617997,0.20894759274712754,-0.05379871760921773,0.6117548659600075,0.5915803231605435,-0.17116521447961985,-0.5217768871188839,0.14694123130562417,1.062867714908797,-0.09619554959523405,0.7733206100438348,0.5585275721905403,1.0017025442066716,0.751316934490747,0.14115670472415376,0.4452564895424277,0.6691557864984252,0.46583603054753,0.44465395807603136,0.49399859294835113,0.9102634234616789,-493.3083625704087,1649.5745389778604,-86.71312841201905,-349.32011200651675,325.29509303119767,-831.9476973279569,-260.55714123834605,-338.8275370503216,75.32790235035093,658.4123655109006,541.6809120825403,323.64525508110444,-771.7117390830487,9.291054575628465,868.1984112179948,-317.6479546048036,-194.91527049347889,-229.73883549799086,371.5030846177182,-613.8103534382868,-854.5777166405626,866.4768118662946,525.3947516829576,-123.54722117970448,307.1327089717793,-643.9590372228246,-514.682501543099,-166.13005747882175,945.7524266356149,-75.87637435738235,-258.82568887470836,313.8247949587389,-316.86918263377515,1105.0399139716262,540.9864406061517,996.8773144625923,919.0228103703688,1004.4295519204927,722.7798881027502,-472.5170156156221,261.4740934496316,683.8593135666965,-57.78370661626702,-885.4013037836401,77.14564543705251,2237.1718216296867,247.76041512339245,-635.74110963381,919.0944391937952,577.8989169338636
4,-0.04640023230280934,-0.03560728965025309,-0.039454144798398996,-0.04082889985163425,0.050807240106497745,-0.09815585672282302,0.1419710440979842,-0.00179389549349118,-0.1180479672891754,0.11707646151719026,-0.013198041100693588,0.1643847011876101,-0.061016729264603865,0.007908757656003625,-0.09901519947293577,-0.3088651662447261,0.01387945053240429,0.0007573796887406207,0.0035417294386486378,0.006112026301061842,-0.06983266850626418,0.11832033765400282,0.0035286613231843285,0.09327854441254596,0.03599704453483261,0.028015516683751854,-0.17750830012117277,-0.04244153369158651,0.16766353294073766,0.0749134411076464,-0.33676577465218654,-0.05981655584148435,-0.09184655050224792,0.11296079680909309,0.038406694822210645,-0.15721379645193218,-0.04018498396393169,-0.09695051901442506,0.010087172529696074,-0.39367959399959845,-0.019914449335851347,0.016589144495504953,-0.14295610723208832,0.12018302465082555,-0.16341222928883267,0.028065075913549974,0.20397600145065056,-0.20565566026063617,0.2653090851526056,-0.06339454504169333,0.5025283869880154,0.9365491087248305,0.4393740956962496,0.7655247331949345,0.3522006067752674,0.49432309410270103,-0.16744965955829022,0.6544920396011001,0.36256087607298404,0.8185694996396008,0.26010092184908207,1.0398437875632092,0.641562436841626,0.6547281908479636,0.4220378610614619,0.8781901028361399,0.3033080395575662,0.8197128954532197,-0.05511172277296508,0.83884852407486,-0.07781654959554196,0.19533242810049534,0.1127284413253059,0.919056023927066,0.20502023777477135,0.6920035130271,1.022055207446698,0.7888553458964234,0.48462522274971837,0.6519652382861112,0.38491355552749223,0.8600670665148158,0.8602931408816775,1.1029624123358643,0.2841785048087859,0.3323693549557966,0.9595048054653099,0.11234093508133858,1.0869389218102083,0.5187713880954131,0.8015045938400636,0.5890592128936274,0.9429810611819194,1.0811356070188738,0.9165991755323958,0.811491986778439,0.9593774720625774,0.10664272207160284,0.728918721846295,0.8562804675611175,-1436.9249255231177,1366.105725241979,-384.7801173293181,786.1092438047872,-175.8527034446699,-319.1170993821424,-569.9977005338064,181.9147567765367,742.8976754877542,-137.51504983513973,-69.88635049015946,-174.81609609839404,-1482.3594800978638,-117.44968540971237,869.6104971622805,-1948.1949775258704,-930.2584022012186,-41.1171496246734,989.6658073539606,-1053.52519603257,-938.9844161636419,1021.637410542741,-365.07311912753414,285.48142513273353,357.12837520157217,1811.131793693094,-189.58413327430588,842.8713784486786,1460.064896183676,889.3804619270381,-294.6039163309729,951.2659759195719,538.4645863838371,1132.6346674715214,-552.2515625569254,721.391717358134,407.4833024708025,-169.29211556518175,1088.1039356303804,-285.9873314583515,272.84836685752737,645.919984289039,245.34267681377017,-662.9487271471199,329.10094902070506,791.1553065492401,877.5690808969886,291.26845997347135,2056.1573709697896,253.75683975697095
5,-0.04640022033736149,-0.035607300669784785,-0.03945413396864735,-0.04082889531639878,0.050807240641244575,-0.09815586214577365,0.14197104172557398,-0.0017938988687128,-0.11804797028946692,0.11707647112261563,-0.013198027350149967,0.164384706338948,-0.061016737830700274,0.00790875467480434,-0.09901519264686938,-0.3088651749008526,0.013879451026877114,0.0007573732579118556,0.0035417317763132075,0.006112033081217004,-0.06983266842719485,0.1183203419505145,0.0035286548056051685,0.0932785441000163,0.035997047129163184,0.028015508833295465,-0.17750830173661877,-0.042441530784332646,0.1676635382835478,0.0749134346647824,-0.33676577160815735,-0.05981655007800101,-0.09184655488417252,0.11296078892897521,0.038406691574672615,-0.15721379961697196,-0.040184988538184245,-0.09695051658228342,0.01008718163530296,-0.39367958932413316,-0.019914448727120587,0.01658915595386116,-0.14295611239066439,0.12018301983851512,-0.1634122366451822,0.028065065016647486,0.2039760014400812,-0.20565565908230068,0.2653090846005691,-0.06339454952065346,0.21251280671871237,0.5341668514639473,1.0830520679021554,0.2066723879705702,0.3337731379369152,0.5404724761140387,-0.4631898199036122,1.0374918310123122,-0.30105473781960745,-0.32264697720565605,-0.16002340603251752,0.2938154592308382,0.21423853360720382,0.4823516271546766,0.6250716559892214,0.791352179956808,0.5880266666181908,0.6153624295348425,0.11133712514078228,0.8521100371646826,1.1951585726988565,0.5262075239410169,0.5251658633822214,0.7784383027788634,0.4492996647878949,-0.10348634939903914,0.49250278251674395,0.1622746701664946,0.06415996197687746,0.9046824890522771,-0.1875913487840209,0.5410997371896327,0.7676508538133144,0.3962409407184401,1.1598289897073737,0.38617953120070486,1.0178100233077547,0.6643422355979471,0.7159484054704092,0.5820513127385187,0.570198662977214,0.6142611911324077,0.7672084567071193,0.9898648837860368,1.366570579943398,0.7292378632246483,-0.18028726171802556,0.6476504767622006,-0.4425851757819018,1.1327903042461342,-374.11651442195955,1505.524318382687,-147.2245733084611,7.042887294752319,-664.8346402705658,-382.5783855001639,-813.554642077301,-338.42022821903936,-452.53378867642436,141.88388563551683,-389.7320815936939,-123.84897876988717,-1539.0921486780028,139.35587599023015,2030.005590983822,-2187.6064314832283,-495.76786047641804,-1322.4324710025674,451.5910300297587,915.7823350641003,-1317.7398019327538,399.6053667020138,-10.62010879760443,-537.024132199383,-585.0142759363658,1189.1352557210473,130.6612844901353,-32.81508781798263,487.0335029603091,795.7710387961264,-550.9939890422124,134.28292727525982,778.3892277708283,76.35731095782111,299.5829528836806,967.7386466025398,391.0520093836145,275.03454929037053,1351.1172112934548,309.4784958458219,-64.27963457782707,484.5930155619966,-978.1600547340585,707.1951336395808,799.5419161116961,2145.779220652114,1168.3632411396363,423.14226544377556,963.4881047023407,781.5479766957305
6,-0.0464002326213888,-0.03560729764578605,-0.03945414015186331,-0.040828899404767784,0.05080724253016719,-0.09815585520075777,0.14197103051464074,-0.0017938966007197956,-0.11804796453395165,0.11707646445085375,-0.013198034523496908,0.16438470083267376,-0.061016746211442416,0.007908753054396348,-0.0990151952307091,-0.3088651681250502,0.013879446934220937,0.0007573741142950172,0.0035417324866933585,0.00611203226325027,-0.06983266559743365,0.11832033969737533,0.003528666668221695,0.09327854005963926,0.0359970430986438,0.028015515648568162,-0.17750830515101496,-0.04244153213990394,0.16766353921304103,0.07491344141651889,-0.33676577185397655,-0.05981654754954839,-0.09184655061806282,0.11296080898616767,0.0384066906718579,-0.15721379494517196,-0.040184979777455124,-0.09695051929808728,0.010087170202893632,-0.39367959457154295,-0.01991444842849255,0.01658915149892271,-0.142956103672546,0.12018302476737247,-0.1634122371574757,0.028065067587686263,0.20397601069743404,-0.20565566511251251,0.2653090829193426,-0.06339454262463647,0.483251918996564,-0.09476424867922245,0.4303097106656648,0.038532035106184276,0.3813308911874285,0.0358079042536083,-0.034008821379626075,-0.3073579969090536,0.6194881226819722,0.7015187552841943,1.2540978220301553,0.060840554250457674,0.8958453637235,0.8902674881569657,0.3524563759552889,0.3208102455653342,-0.02858507479894118,-0.13227013745205624,1.0728691170356397,0.1192224481021327,0.7317101620018903,0.5124155430167008,0.45002281231209096,1.1418420071569118,0.054737012060412926,-0.24140959084783092,0.12823769499830237,0.7763745908943777,0.41709231934348234,0.32994152992546766,0.9254917498214656,1.1819050917913567,0.9434112026300359,0.23577324015228796,0.44248608976668113,0.37885860722369,1.0448699341143584,0.6442058398472006,0.37704329168999373,0.21020856541975502,0.9965900283213852,1.1042642553605855,0.3867952397194614,1.4942861471428053,0.9913768277458831,1.1606776891603867,0.5549896313049693,0.009848417758565042,1.2297800364015719,0.7352904249104417,-24.34144872956307,1846.6741351046674,-60.17924944990392,-1400.1344720041602,-408.981235108344,296.23329871358163,27.042549727500273,977.5913817727,144.1129770124307,-260.94811017077086,1720.7244285916167,-1.9616015806837481,-818.176593759887,246.0482897893016,242.08302050004374,-880.9807952900102,-27.141275064821258,-1286.2693844174912,-200.40041440930446,-244.73905180980665,-1151.8394782263745,486.11975028674226,1101.8658661143525,395.814649882655,349.02357828454785,-65.74841476533437,-144.13850357887708,695.8801464002855,1174.929716694451,-852.182707982505,-502.84583936316795,1225.9704766429513,718.7205263397668,1565.2113264175846,-187.5877724888354,391.3065752964706,765.49316785003,797.3926693465497,663.7821226862283,-354.06781515929754,-225.16837780104007,889.2316522281682,205.10560911542296,289.3499257533342,-66.84603016541574,1373.516263965022,312.7299768476199,82.8527595877922,1145.8702264187755,711.3153018165096
7,-0.0464002180324813,-0.03560728814789144,-0.03945413868484418,-0.04082890398898947,0.05080724401844951,-0.09815585268576375,0.1419710359263669,-0.0017938938527857836,-0.1180479799364622,0.11707645681123623,-0.013198028381508757,0.16438469213106377,-0.06101674140508735,0.007908762291680955,-0.09901517928339636,-0.30886516483423176,0.013879451696255329,0.0007573778253297114,0.0035417338991758514,0.006112032796752551,-0.06983267023339386,0.1183203454747451,0.003528659858910171,0.09327853925274775,0.0359970485071442,0.028015515833637206,-0.17750831024781266,-0.042441528072441136,0.16766353964781214,0.0749134334340251,-0.3367657538722103,-0.05981655897798661,-0.09184655757652523,0.11296080040564632,0.03840669028074785,-0.15721379732239768,-0.04018498053925858,-0.09695051441471547,0.010087185438118743,-0.39367960057237156,-0.01991444509068235,0.0165891447565675,-0.14295610854943971,0.12018302147388858,-0.16341223831578425,0.028065066084159134,0.20397601179689595,-0.20565565991943738,0.265309087472505,-0.0633945545233968,0.37731694743785055,0.6708799312538445,-0.19793100004669978,1.3710514857177425,0.6537580187939971,0.11537578399832654,1.0818784320901673,0.3313413794993051,0.251380838882174,0.8871499002184864,0.3359997578551433,0.6950138745957948,0.291122918507824,0.47109432397428525,0.42577082336758904,0.42906585906180406,0.5886050659036031,1.1389094432833653,0.11393763774386312,0.49255253101930996,1.0208461721919442,0.5815259641975244,0.8189748869699821,0.0657518743338657,0.3717280430613908,0.8573767092279192,-0.049260166092016666,0.28465808814559274,1.2440138933370783,0.2655073413394892,0.9313719267143873,1.1311813687870584,0.1781370822193656,0.31141236781516163,0.11000068999015414,0.06284340170937387,0.1382095586716574,0.7762113160240531,0.1989409419609287,-0.23494538825977296,0.1931522864257311,0.9710327291730375,0.7931725446944397,0.20631910309203616,0.3720868889583246,0.32285152458508526,0.08053557884617206,0.27361912244580744,0.5928604040900239,1.0136404334494582,-117.53170827917738,1327.249348841456,164.29765163592083,296.6542311108752,431.5016509001649,-805.7715020107826,-1276.9528732255194,352.92945522959195,365.84264296069347,154.97782995235613,1043.8904084740673,202.68254308225303,-886.7685056134927,35.36964840511905,344.2279963726608,-2061.7648292227614,866.8942554767519,-257.72242049946396,89.47305732685278,-485.0349737429991,-817.5597591987777,163.6474408692782,205.55226504724527,-152.69357168606803,-3.931062600610712,1183.5574342246568,-283.99717072601646,873.3494958759874,350.73297457575217,-119.35363312367213,-773.8468390687111,420.78808435352556,826.6612400576536,968.4314289336984,315.4606613545095,149.26590701080738,584.1554897880985,1145.4834397768968,447.20789559155526,-56.317480386169606,453.3273910359429,934.1871378490955,891.8959506332525,247.4487628759945,-904.3222611074799,586.606991448794,779.2388333803526,-212.21744875650077,971.3902114457762,-105.22386148612824
8,-0.046400226401317704,-0.035607290116658946,-0.03945414607986724,-0.04082890092988124,0.050807239713031596,-0.09815586444700393,0.14197103956945578,-0.0017938969681318988,-0.11804796998307093,0.117076464398969,-0.013198033884441187,0.1643847073340701,-0.06101674205609427,0.007908755225421546,-0.09901518415250342,-0.30886516848082934,0.013879449530327072,0.0007573721877254747,0.00354174364186537,0.006112030367726067,-0.06983267103513527,0.1183203404249851,0.0035286677756435573,0.0932785411352933,0.035997055222204,0.028015516114003807,-0.17750830266587353,-0.042441533704460084,0.16766353599187334,0.0749134430024797,-0.33676576374888406,-0.059816559193342514,-0.09184655180190231,0.11296079995981594,0.038406689779328484,-0.15721378680017614,-0.04018497178193377,-0.09695051008691663,0.01008717951956388,-0.3936795918664566,-0.01991445319002852,0.01658914351470198,-0.14295610481068088,0.12018301789825823,-0.1634122435794894,0.028065064219583484,0.20397600632296825,-0.2056556563414465,0.2653090919391739,-0.06339455131250964,0.45247341067658176,0.34678113828738133,0.09506003894415548,-0.19307165883240496,0.5216051248567259,0.7070181755947801,0.9447418508544783,0.3625454849605176,-0.2132682079219022,0.5827089796368612,0.6580970679256952,0.36113353919194296,0.26563468634067267,0.6892772007465181,0.8933061303642594,0.7780482402144413,0.8205508639285124,0.2226986333820492,-0.11034355889596748,0.6216880065334813,-0.01582184565958633,0.010902287311134483,0.8472917912880475,0.6931151960306992,0.8147868384491909,0.40291627484086606,0.9658636263319063,0.034145872158166224,0.050164073457770825,0.4294597015262536,0.19508654595930483,1.0033880184304034,0.24944090857605378,0.7147382337369859,0.9495666609058125,0.7351042225589624,0.49430173705539254,1.134590889619934,1.008785763803807,0.10977255691917842,0.49367140125069553,0.8235322252845767,-0.0011362516837524206,0.12761161989769546,0.31793165954049774,0.4120251434403306,0.5387748379169535,0.7789516887460838,0.22759254669023443,0.16117906455821884,-207.73052907915084,649.0548153574941,-778.3312712350474,-773.8099926416669,-544.0174057132485,-612.8147669946231,-675.7064946371923,22.124196317908,-617.206215212092,-688.790282079546,314.5364878456676,-351.5648667964859,-1028.4369407201568,994.088361599223,569.7158389518366,-889.4451769467707,552.4077198206501,-942.0317847858203,105.31403289486953,285.30088602091905,-610.1730771207419,1003.369002730545,630.119001334435,-92.99720538326267,-450.85390142119553,-157.58233025208256,-873.6612914707512,85.08670097369468,481.5461536978433,996.7702176145007,-333.171031650826,-0.2202779687790013,410.5639157557993,1507.2732672077414,1139.5672297951967,1909.6407989545899,743.1293174007749,-121.37784508028355,1477.688922638702,-536.80731447669,-591.7132444950962,-272.7478717952695,-284.1593270629606,18.982907678732843,103.90805525727616,1636.3929449717866,699.1381034205084,307.1677810239574,1762.18941938558,645.8599714408908
9,-0.04640023853936033,-0.03560729026270764,-0.03945413918563307,-0.04082890933234081,0.05080723910466155,-0.09815585334788517,0.14197103273882497,-0.0017938945782578588,-0.11804797263022786,0.11707646606163366,-0.01319803910871416,0.1643847101317824,-0.061016734598985614,0.007908768884025566,-0.09901519574525798,-0.30886518143101516,0.013879449733984863,0.000757379190630194,0.0035417328299796927,0.006112032291165841,-0.06983266223804002,0.11832033099262527,0.003528663291540082,0.09327854100776403,0.03599705208814985,0.02801551613272899,-0.17750829922750297,-0.042441536130778695,0.16766353509976034,0.07491343063683067,-0.3367657681849802,-0.0598165478103562,-0.09184655408715092,0.11296078580181639,0.03840669561269694,-0.15721379556663087,-0.04018496948357424,-0.09695052255338482,0.010087178797373893,-0.3936795976176103,-0.019914448534709143,0.0165891491977274,-0.14295610637555234,0.12018302427095445,-0.1634122370485231,0.028065073764566326,0.2039760112532507,-0.20565565875978312,0.26530908292877414,-0.06339454762798492,1.3904374850970198,0.5380857434622963,0.08151432303569786,0.34467128337043623,0.20549358820976188,0.09039857742882547,0.8780121394727645,1.299127472755173,1.1781212498551503,0.43424911834244717,0.439403901535213,-0.041714906090365246,-0.21321116398977058,1.042016170206295,0.9139927015231777,0.9686077398685176,1.0968999362691636,0.7248224872423296,0.07738849915597329,0.8418877788626657,0.4004910925124562,1.0125524512557413,1.0066085922800174,0.20786101016219005,0.5776203368011822,0.6753258581810466,0.5498227631313379,1.2314602715979608,0.9097438511543923,0.8916807555419486,0.5453654471782668,0.557051092208896,0.665087205483715,0.6215896078195555,-0.005054580639014983,0.9655104484242617,0.4211867724510081,-0.02449687956269725,0.7779912071470116,0.9276770368189801,0.43271540319742785,0.11658850546035351,0.003935659573618466,0.629071267568041,1.3350550766963118,0.21851842513359304,0.08449383807842226,0.8136648566424496,0.016449702777086406,0.6487027687654454,-1321.1145795635928,1211.049370665379,-339.381221273449,-921.4551423363506,-577.3822230680884,-1142.661598086841,577.1921930432693,341.44741417784326,583.1067423863539,985.6992860785085,-449.0624221229497,-48.27709643686471,-790.0219035883221,1068.8809107008915,292.4024848740263,631.6705204606644,-532.8282722541795,-1000.6127366217049,56.83673420986767,-605.4350194691917,-908.6092120102122,-63.86288485877953,-560.4711625793404,397.6451400248586,445.8771688133347,-540.525729154123,1347.5280459941123,1316.4841550362075,557.7855337159599,683.04533668322,-1380.2369933319244,1137.7339493622042,570.0118879309484,-774.2778430295427,369.7873898974342,2.9548002739593002,1586.2521660204407,378.90087397974924,294.5190829632638,-275.56448256159604,296.82796334466786,1208.5033541087332,33.02139186066819,-1316.6628326988625,516.4910315445794,1876.919885926015,1255.4507648864114,-760.2293831003702,1330.0304194375597,1039.0694968668897
10,-0.04640022430889723,-0.03560729511205607,-0.039454143759298316,-0.04082889679231967,0.05080723508202686,-0.09815586051477333,0.14197103669731806,-0.0017938936664130764,-0.11804798092836565,0.11707645533137571,-0.013198031793160762,0.16438470078073808,-0.061016745569532606,0.00790875017241159,-0.0990151992294646,-0.30886517364216703,0.013879447892382173,0.0007573745061936568,0.003541734764043485,0.006112039501451194,-0.06983267113741663,0.11832033934708903,0.0035286537840764284,0.09327854510225055,0.0359970437711268,0.028015517813226518,-0.17750829657779202,-0.04244153876300221,0.16766353584892782,0.07491342767928516,-0.33676576765237914,-0.059816559116554875,-0.09184654968981297,0.1129607938526755,0.03840669422648796,-0.15721379670971403,-0.04018498979232748,-0.0969505132965822,0.010087174398966756,-0.393679593320569,-0.01991445069588504,0.016589148822066534,-0.14295611420703444,0.12018303401145446,-0.16341223039607203,0.028065076961704908,0.20397599678374354,-0.2056556599347754,0.26530907661210956,-0.06339454473385245,0.002406701553668733,0.5017021760330648,0.12211787404327645,-0.12102850864763726,0.4545608044430559,0.2991432292424196,0.19738197338805596,0.6694184787082262,0.7909048332166209,0.14128094187128265,0.9689391312475429,0.8783993652398627,0.8419139445821264,0.6661891213539817,0.17002206735012287,0.014958668269439451,-0.05560593145970494,0.6565126938329627,0.6063255740387206,0.8416686658230756,0.35875794719700876,0.32824074673647463,0.10871887401033623,-0.29978089016575665,0.9904896046749865,0.8586171898996586,1.4383784515876474,0.17451139245323366,0.6612849514106132,0.4704861540213996,0.3924556302887361,0.39476379835177583,0.29676854997579966,0.8465704627108946,0.7989363621230753,1.2684107315984696,-0.13085428682065345,0.2968226684346822,0.13321374959301122,1.7002048948558517,0.20984071041226499,0.1270689568202698,0.4088221957370566,0.4193407122589313,0.16193373894723392,-0.23650598965858233,0.20646655360411578,-0.06893643064139651,0.2587526873446996,0.0003543175095048201,-893.8443270745279,1207.6330847356844,-135.27386440165475,265.22029439966553,-364.57385053728547,512.292575047305,-164.5784382232253,599.0577433331689,1294.512953714457,673.0326292210409,521.2119213184158,-320.2502253104721,-496.628732869049,777.0750460560548,-413.6531445731424,-247.45775886446972,-300.8445731290164,-569.3423147992618,-357.05400948211053,-1043.1717717550757,-730.680522580214,-406.87432047155517,-620.9898832440673,-365.17404007697814,-169.11732551137382,83.99463772858456,-475.8104699271631,1693.3870726895725,798.4028335349669,623.7328859758413,-777.1288880163638,1954.73645792022,845.4803012293441,-126.24921642587378,-16.290292666854526,-139.78233947118503,-637.2661890430976,986.8467039643317,-89.54048486460155,-24.355594251868467,278.8954032039294,1904.4195939303825,1068.4570606279296,-846.1418848843222,234.5647925363204,1253.8641790049332,1912.910150046014,-66.39502086312676,571.1510172969557,628.8721159113579
11,-0.04640022110529057,-0.03560729325054693,-0.03945413958557156,-0.04082890308753045,0.05080723352490153,-0.09815586368444447,0.1419710346583037,-0.0017938983099183338,-0.11804796349752499,0.11707646099955088,-0.013198032468867579,0.1643846963261395,-0.0610167377244417,0.007908752717282697,-0.0990151890737735,-0.3088651775068618,0.013879445550759992,0.0007573780739312141,0.0035417337173836677,0.006112030543431782,-0.06983266782596569,0.11832035033158837,0.0035286559097218425,0.09327853919477959,0.03599704977286507,0.028015513949252367,-0.1775083082765554,-0.04244153079163054,0.1676635294519757,0.07491343526945626,-0.3367657694347376,-0.059816560333488186,-0.09184655026401127,0.11296079632804767,0.038406699616172664,-0.1572137834218083,-0.04018498120487674,-0.09695052055766767,0.010087182808826931,-0.3936795965884112,-0.019914450225599113,0.0165891506147585,-0.14295610503007555,0.1201830265034798,-0.16341223259895107,0.02806507178695633,0.20397599349495807,-0.20565565608592254,0.26530909121550367,-0.06339454221437443,1.2512299405988299,0.6890733812029829,0.8603844866800695,0.6723735476141229,0.4846103149218341,0.6107847822660308,1.0767476195951904,0.0968563989759206,0.7780720464795783,0.500867715140214,0.13908984483630096,0.5758951065366641,0.9045504866718692,0.6604259885696734,0.007694142692933226,0.17182918121082952,0.6819279542688022,-0.03257683379329457,-0.051963282582912225,-0.16421689963715885,0.6147103635772785,0.04625357812907188,0.5713526326129406,0.018660454916350988,0.9095417607603548,0.6820195729178042,0.4974882905074454,0.7904238290163068,0.06209858576278149,0.9329663080132024,0.16891412506939085,0.13727281605301483,-0.5903796645079615,0.2677395149731171,0.5478740152725079,1.0022562937627835,0.47402672054167716,0.8206181862459899,0.38201236089574997,0.8336292290345659,0.736949539913313,0.39814197071323126,0.9967624059402953,0.6337775660119009,0.0062090516423428666,0.2087347094109028,0.48643162359912573,0.30167959834377606,0.2982010665628312,0.8629060927735103,-317.41246520313223,1415.3822843874736,503.28173171551623,-1533.3924859021213,-781.7008371404492,328.6192941291764,-756.9797823565447,-636.9553573619814,799.546258068288,-558.9922755887393,1137.0222120389935,348.42270818895867,-142.32960939856432,263.2241112453175,877.5602692704803,-973.0618192854777,217.08169512263177,-934.5633057356783,-820.9755471469358,-799.5951370266346,-675.0309756912029,263.4215821453254,304.8376403959139,367.19288604927783,-928.3341419445051,386.2789786157483,-958.6996121695444,887.3190977745331,590.6992360415325,-639.5206604203884,380.2224517130987,1030.4655024098831,575.0107179838217,560.3002600590338,532.1451392892519,1453.3855086500575,1329.2195770978901,381.0064846864507,1953.1309251902687,-1869.088386966871,909.1038801203388,1365.6417111774053,1048.1148193431786,-284.05000922000954,-473.8349972229379,890.3671553150189,829.8564909878139,415.4548591791571,1368.4656091566203,998.0512110809445
12,-0.046400233218895415,-0.03560729512414297,-0.039454139464968764,-0.040828900711946316,0.05080723517928442,-0.09815585746489436,0.14197103278727463,-0.0017938919698115448,-0.11804796054545583,0.11707646581546814,-0.013198033049439985,0.16438470759223597,-0.06101672922381328,0.007908755818365625,-0.09901519320157182,-0.30886517411603437,0.013879449454465826,0.0007573787274746412,0.0035417287794074657,0.006112027298560444,-0.06983267122278575,0.11832034512127056,0.0035286703259180697,0.0932785432650007,0.03599704651195321,0.028015512934391928,-0.17750829915980199,-0.042441532923950316,0.1676635275561923,0.07491343675463093,-0.33676575907625356,-0.059816557802407445,-0.09184655285023377,0.11296080027482155,0.03840669297198066,-0.15721378783504558,-0.04018498993717938,-0.09695052489784131,0.010087181883670438,-0.3936795988828562,-0.019914452761413334,0.01658914720469925,-0.14295611308040354,0.12018302465017149,-0.16341223301819993,0.028065065089400685,0.20397600458814252,-0.20565565675252867,0.2653090820008134,-0.06339454357069324,0.43001542822675537,-0.1726951418279798,0.6539427532759718,-0.5232342563148175,0.13506394969001942,0.714387948279205,0.7058577682884712,0.8397639332621565,0.22561324436200958,0.8477886988154811,0.15434656315647244,0.8342053471255957,-0.4520084268326099,0.19155615326294317,0.3362530622102603,1.5337041631455,0.4160037618235426,0.4571757380078642,1.3025597089642749,0.475212794566481,0.4562635683488037,0.6299232892950473,0.31877653461608224,0.2088465941535032,0.6276952775154584,0.53198402231723,0.6862040315585157,0.30617525354002073,0.211934470491506,0.9429187783656297,0.8149235844123652,0.20112197502562487,0.7825831103195733,0.6932803665652392,0.20330696663791922,0.681839970849575,0.5639192139566762,0.670401787045443,0.16744888568924463,0.27458587345545205,-0.018080638372202612,0.34160684488873266,1.007058394965279,0.31351982148812696,1.1418110981178655,0.9595611887800026,0.867707498157503,0.815060821974517,0.11794928917192904,0.6475938071498024,26.371294237561443,1695.5742146976118,-744.3295185856435,-1087.5352544064497,-1097.218371176773,-366.7831190172833,-515.7916683398767,457.1244059537282,289.0552850234086,-110.77451283621971,885.7017166739864,746.776146089469,-1022.3863896514683,298.5436588677827,321.6884225609012,-903.3506594774931,-251.88016518859087,-1711.4257706814788,-184.40467696083698,-22.01131537360743,-809.536518882857,475.3392555114521,853.9458657126233,19.051806094185196,24.60199298659677,283.99093504367306,-634.062732886043,261.8108916866115,188.1245421456965,-1015.0469248269322,-216.61951477954665,-53.96058051531388,916.5101721062589,1250.4501731438809,-367.43993547476384,956.4642853327072,1477.7480335900057,286.25970524465583,920.5348991697956,-65.51427860739656,484.0788384206811,833.6880349109458,1195.4539570074833,-570.1163776452704,91.40900537749366,841.4686643368243,692.8038831386614,96.95034935337421,1195.686865569914,479.8171631286453
13,-0.0464002329975994,-0.0356072978029802,-0.039454139844668744,-0.04082890370700363,0.05080723707981859,-0.09815586191422933,0.14197103453328616,-0.0017938976222698127,-0.11804795799699994,0.11707646592810973,-0.013198025479320785,0.1643846988019468,-0.06101673807121095,0.00790873958942397,-0.09901518823448884,-0.30886517400206465,0.013879453637922102,0.0007573826440234186,0.0035417372025227374,0.006112026182336618,-0.06983267107827491,0.11832033890229904,0.0035286480915445303,0.09327854962788536,0.03599705480793749,0.028015509635209906,-0.17750829704335744,-0.04244153498736479,0.16766353296579983,0.07491343501714999,-0.3367657601981534,-0.05981655173837745,-0.09184654510402264,0.11296080874296027,0.038406702759759145,-0.15721379841581282,-0.04018497385288159,-0.09695051105801243,0.010087181060479981,-0.39367959957879,-0.019914454235258363,0.01658915266293144,-0.14295610330956898,0.12018302016626552,-0.16341223548516834,0.028065069492633012,0.20397600095557494,-0.20565565139959074,0.2653090878932588,-0.06339454459863213,0.2436406917576118,0.617913283293013,0.7815941802392293,0.8358896396488248,-0.38444451588209433,0.47349677487901215,0.6543517632537358,0.10637587642549567,0.9674934152097463,0.03942261293717669,0.03825566228897538,1.3556412731011491,0.36784261709448784,-0.058197636957505225,0.027514798162043635,-0.12960389301922787,0.9540505405089861,0.8755471096677505,0.6947449017439713,0.5718556213509367,0.8157872336205139,0.3290534298493793,-0.22448761372909304,0.4814109009540084,0.21584544798010002,0.32225888259756974,0.42947606277862166,0.4668818247544465,-0.2022702194915741,0.5336374582666048,1.005405143158735,0.7452383534909448,0.6893723357781014,0.253985700548063,1.154274732328084,0.34167664142046883,0.6878040357232269,0.36989619148673347,0.30108340034443326,0.21005412704578535,0.8727708264758937,0.25314565151009993,0.350062952792405,0.5452784930219908,0.5482123868484744,-0.3822736964901956,0.3275309641375546,0.9429399362558879,-0.03694496457308993,0.9809230435990864,-920.9966584915188,1409.7350166397664,-772.9055243728797,-1144.9711454427509,1116.5448060078738,-706.8520495426711,390.47754333703375,598.7687851578979,-349.84243233407113,1296.532106892901,820.0163976920469,508.16030798469166,-742.481703380944,809.1995020548234,646.197577731709,-875.8625882179967,-184.17447394762524,-649.6616443956282,-853.9372748476724,-193.30703405178502,-1214.5722956995298,182.59454785071586,-128.62415047002332,946.4743667723238,345.6886582543849,787.8309553644638,-445.3581965278929,446.47266673222146,1254.3690236853533,487.7802478760964,-650.4245145498346,506.4926147840369,683.5239062144976,151.62742441059993,457.88874291500235,183.690524749093,1381.6068702302218,-454.05945063725744,255.7838513536191,-718.6476045581967,-11.467849199237927,1223.040233989343,455.75955334359446,-183.64908985666682,233.35767118327342,1321.505245269148,1425.0740379804395,-654.8242623506565,1314.2794051292724,1492.6593085562063
14,-0.046400221969680557,-0.03560729283378635,-0.039454145936228875,-0.040828899017172425,0.05080723798263229,-0.09815585166608837,0.14197103879809658,-0.001793906874338712,-0.11804797416457635,0.11707646411215362,-0.013198035157839292,0.16438470408241582,-0.061016735842939776,0.007908751305390203,-0.0990151914274072,-0.30886517746214176,0.013879453253951146,0.0007573764545227258,0.0035417300190803023,0.006112035403328403,-0.06983265999238371,0.11832033642008402,0.0035286542251503753,0.09327854377065008,0.03599705115577785,0.028015512773245536,-0.17750830899275577,-0.04244153314251075,0.1676635333685681,0.07491343148364667,-0.3367657616273162,-0.059816557456910335,-0.09184654962660815,0.11296079658330987,0.03840669853515103,-0.15721379605377847,-0.04018498174238006,-0.09695050932360064,0.01008717880845063,-0.3936796029104236,-0.01991444421593425,0.016589152720442913,-0.14295610495323716,0.12018301782195026,-0.16341223969482765,0.028065064325315196,0.20397599606167147,-0.20565565747069245,0.2653090770784478,-0.06339454898811454,1.1974511860493282,0.717789060143364,0.5023886445484032,0.6916430551095171,1.0266167534094792,0.9112335314498009,0.36007815628863576,0.5653775308913169,1.014387869229988,0.6313840198324164,0.38383045940678506,0.14039473936144597,0.6133176711833357,0.2999858886836376,0.015657577347841234,-0.3875240827803039,1.652536121496968,0.23447201254218847,0.08436881510241034,0.8648099135615818,0.6006666974876258,0.7865163503104114,0.6242492792462283,0.4917743151898861,0.3519078960896761,0.5108441900952978,0.16400229173127323,-0.1697035258968957,0.2920594254348179,0.6732228860194179,0.4578165776490778,0.20866529868168024,0.10947503634900316,0.6545983422763141,0.4038642690657757,0.8455143182527906,0.4690746909475049,0.017900461806694745,1.0130183617822517,-0.4180284663913121,-0.17777996529253903,0.8371054739765609,0.7874975666855727,0.35056985112406314,1.0866383773476243,0.5271963198133219,0.4102130103160221,1.3827953480093154,0.770018378376203,1.0715176303743459,-351.8031029967816,1394.5368496677522,-685.4784155290931,-1220.8928002555228,-159.83373717498552,-989.0040239998647,-1397.136338784663,252.72969279384031,-217.821566092775,-838.0689221881149,599.0222496643651,-114.50448815869855,-523.9710538788154,242.38181805246467,1340.2971451882752,-1293.6992059065287,-243.99612695894075,-253.87168706036925,164.68510324697445,-689.2565055396251,-1149.7731490168694,1580.2511386185581,572.8530975870317,-939.4372628588897,-52.400089208082036,141.8480689456477,-1052.9976216945365,-472.5883787859432,741.8807216959519,-301.9227878824426,1142.3155008289057,-28.810078665003005,-401.4890793233875,1222.9930483030028,420.6071400989738,1300.1388906492575,1374.2684889891048,-49.631826861809486,2141.2983737129325,-908.1919659421146,197.51770810403235,-524.9510301524501,174.49541456040072,10.708727784655593,-576.483242188527,1012.2600435768194,201.2241723844853,152.30326947443274,1511.989103664358,-144.5927263039723
15,-0.04640023434855015,-0.03560730439139898,-0.03945413873869383,-0.04082889662770437,0.05080723932341071,-0.0981558478249773,0.1419710407372041,-0.0017939031814005202,-0.11804796412609875,0.11707645654387505,-0.013198031100667139,0.1643847005933938,-0.06101672780943421,0.007908747720390541,-0.09901520111102938,-0.30886516477729387,0.013879448879897059,0.0007573761315400513,0.003541742717968107,0.006112031524110318,-0.06983266581222097,0.11832033517896832,0.0035286576534081233,0.09327854714585274,0.03599705534941944,0.028015514518051107,-0.1775082930224966,-0.042441532354533205,0.16766353564776085,0.0749134420800361,-0.33676575877848186,-0.05981656111188844,-0.09184654809587771,0.11296079612735492,0.03840669745056104,-0.1572138064042199,-0.040184985769884655,-0.09695050690369723,0.010087167402036702,-0.39367959108597245,-0.019914443933744242,0.01658915166331387,-0.14295611655889476,0.12018302381476288,-0.16341223288841786,0.028065077211941576,0.2039760013163591,-0.20565566123468304,0.26530908676559195,-0.06339454476457564,0.7694600947855884,1.161126076532705,0.9274820375279138,-0.048982627704208,1.1488511098733822,0.8580201063946136,0.16898282314591037,0.6947965530640506,0.12774021512937161,-0.33511321619515066,0.5596202617689785,0.9874908905688864,0.17607040254354706,0.6657991464435129,0.31895213498290853,1.273204250475009,0.050453688063830326,0.06805516979334643,0.4208613355437789,0.2355202797837943,0.09648452288909533,0.6367323698603886,0.3680997850560425,0.616440219076976,0.7650399576557054,-0.1695665095264758,0.3222430022539865,0.6730255503936843,0.23436092697598965,0.504133456432944,0.678359847913961,0.27028688584514216,0.8487192870396438,0.9011778630831375,0.022005011664351537,1.0015246617879499,-0.19977214916255545,0.18903476186415868,0.26255303532001256,1.0573498280736027,0.4297257325626205,0.20331932619453152,0.057225052690767275,-0.3889209275207969,-0.03074900900719324,1.1009279261191138,0.2500360221551741,0.1437431795712883,0.15129844879570686,1.1008360716140557,486.4339984793797,1019.0116274242614,176.8146718944744,-467.16881857568353,-1063.5957905232663,-367.4446737126023,-514.1762502282295,294.85051051124844,-325.7260745175657,430.88316730186443,1434.6286452370941,-156.2104608511069,-1735.7617918085941,-691.4689918562349,925.8888039854812,-1404.805818444775,-434.0858000088497,-1739.672806819321,-355.1909524052209,-29.820820174410017,-1394.6997371929094,990.764197567523,593.9815669586723,-36.50849921699441,-535.7065731985011,746.5626373229798,-433.310379762681,-404.0755100629785,-10.405020949736453,584.8620254576747,-1093.7728511533987,63.059379459252355,549.7740778473053,881.2625414598077,612.2587654994369,725.3106449031476,586.3553323791097,621.7816227914324,710.8740070095462,-151.04074497584068,339.5430806650427,1074.6683418107575,307.20959178532746,321.4858022635334,-165.23094090929857,1138.2316184059655,650.1738803675046,293.0380936912022,919.8834944624741,601.0031522192078
16,-0.04640022611543637,-0.03560729656749106,-0.039454146713120704,-0.04082888770553028,0.050807236144496226,-0.09815585819438817,0.14197104218786408,-0.0017938942357795076,-0.11804796797136972,0.1170764623580674,-0.013198032590585294,0.1643847062490213,-0.06101674363430122,0.0079087628203748,-0.09901519271663992,-0.30886517423631593,0.013879448387256195,0.0007573776392560123,0.003541739104003391,0.006112037070743018,-0.06983266074461725,0.11832033136085862,0.003528652736744852,0.09327854463676961,0.03599705307341083,0.028015518453953534,-0.17750828973562952,-0.042441532416279834,0.16766353918241397,0.07491343207093473,-0.3367657677168894,-0.059816562035317454,-0.09184656134799096,0.11296080233460798,0.03840669497224624,-0.15721379164697952,-0.04018499097023227,-0.09695051672974203,0.010087176904955229,-0.39367960458525586,-0.019914452500216086,0.0165891489600916,-0.14295610424562455,0.12018302521990672,-0.16341224101243199,0.028065069006628834,0.2039760001172182,-0.20565565144327544,0.2653090791733183,-0.06339454965065379,0.8247161854048677,-0.3591296801249089,0.852279136385994,-0.14414091026222775,0.39625974548038556,0.29292983806218315,0.8032456755835858,0.5207613347854589,-0.0001976687150941972,0.11536564446951844,-0.2572982075518265,0.6500301456541038,0.6466179960492004,0.5723341597125955,0.34610405493847185,1.0729243502004042,0.8828315532836817,-0.30824067510458236,0.5663831075751626,0.3882805899772993,1.0687504309301858,0.3006772242436132,0.8218581634497463,0.8129536505649396,0.7136605281576283,0.4230558633121838,0.5975495195168483,0.5662976284158788,0.5689199172458272,0.16001880062391607,0.6422882403360193,0.4586771740347684,0.7777743137371584,0.38702597555782314,-0.40372609525546976,0.0855439299923284,0.2731337829193397,0.4637021855582103,1.1962298287470619,0.5639809083543194,1.1402896308928578,0.3153147802469115,0.30021698168130084,0.5080898681561606,0.745256789182008,0.6542917975994643,1.330727662458296,0.18543549105715582,-0.19974402583555417,0.5772072165578097,-905.2755163639042,844.0337485567161,-402.8944299080972,-621.1748213726179,-1013.4526632880712,-39.567702197391924,-295.4590537650042,405.5540480131623,183.74249484612844,839.1904477335448,968.0538861448061,15.061680221131468,-812.091077766589,597.5440834572554,456.8017964993577,-592.0157687971493,-99.23854743127394,-1987.1031769802735,307.8873391588488,52.66315381198842,-2267.232114010006,-65.74372498466428,-199.967855309644,105.80802230945537,-193.72087147905887,470.139871316661,64.46865157094021,898.9042968308565,307.3627773360198,-296.47393509199657,-566.5496311580171,2050.7697870729585,-104.8966905814352,-604.4896999022159,774.7285708111519,518.2378912252434,719.7974648532165,179.80090455084473,-37.193908626943355,143.58951688135284,-127.25202260364408,266.22410090492383,78.16216284406863,113.73690477466862,169.36818170303695,775.5471752962147,1421.1516923051518,115.3805462848564,889.7709374001064,1054.3526773427502
17,-0.046400223396377914,-0.03560729690787201,-0.03945414906486602,-0.04082890340179532,0.050807239760777376,-0.09815585138906689,0.14197104386260187,-0.0017938972532322722,-0.11804797331189369,0.11707645931544314,-0.013198032972627793,0.16438471104199445,-0.061016739047960615,0.007908755998062436,-0.09901519400281296,-0.3088651675219823,0.013879454166670427,0.0007573793908969232,0.00354174023471291,0.006112036398526047,-0.06983267253434793,0.11832033381237803,0.003528656224993655,0.09327854746914703,0.035997053714707246,0.028015509686429633,-0.17750830457346625,-0.0424415345974286,0.16766353210866058,0.07491343940848431,-0.3367657627713116,-0.059816565973864165,-0.09184655498721359,0.11296080397276304,0.038406698366474645,-0.1572138015318528,-0.040184974356389645,-0.09695051494805416,0.010087182763736366,-0.39367959209026826,-0.019914451876858974,0.016589144524076307,-0.1429561205141423,0.12018302838731731,-0.16341223897070412,0.02806507572134297,0.20397601057733666,-0.20565566726367387,0.26530908045342655,-0.06339454471804375,-0.012356015971327405,1.4211943247258225,0.0637715011230483,0.9461430103235985,0.11812259343321943,1.1360857264421487,0.5988026499313412,0.6355880465864333,0.602226583598066,0.620464608040261,0.89992582505139,0.8927249153554302,0.830262138157908,0.37558960852403067,-0.11551315769327841,0.18938356315943664,1.2387122138801099,0.402893946905831,1.0684891850818767,0.2919802816893147,0.46359789330036705,0.5116070000896613,0.6656692317817555,1.051929164531343,0.21861644318594986,-0.3859498031864405,0.10305964145177056,0.37868509460333327,0.7824982731412741,1.183379181144938,-0.4651213540384631,-0.08935274218060935,0.6519278495037726,1.0168371964196221,0.4188418571564881,0.03881567104594838,1.18920826467158,0.3039400283744057,-0.13702664215703855,0.5944565984274245,0.783064544643165,0.10549944637500552,0.4009721661680581,0.9340428974397484,-0.14474789925957215,0.35806455344667065,-0.09994880068782518,0.6120994325362863,0.8422753857902243,0.200146876486068,430.0268631191896,1096.924222302303,-333.0607182314269,-1668.8135858081566,-424.6547301233633,-599.1458774100702,-240.5151076911015,176.36734364514996,-544.2368356121102,531.5027325170954,1464.1582991744963,464.3477063447741,-2089.0367948278963,-423.1629815074034,-518.7457260764539,-1127.249782439725,368.30234316228734,-313.890969713968,-656.7020061151121,-153.59849996122466,-409.0460984018039,79.26264605563284,799.9372930416987,99.71524563177653,78.29865268177474,-117.22081962053232,-1221.5432111910477,-203.01029314034298,887.4917845427367,853.2283145546037,-356.97604640435657,-371.67293717619214,-186.64095313317705,1240.4597502572806,-416.2860816409494,1311.968570337146,703.9976893921695,-320.7990827197052,-1047.4112692415206,-1717.5508882978102,345.0379020180923,181.60287070239306,262.23395554904823,323.3291903028601,-684.2947236257669,769.7856025346924,473.2207884677833,251.02055109201035,1633.3696069824791,433.0886819676525
18,-0.04640022598775664,-0.03560729165700922,-0.039454145710371674,-0.040828897315653444,0.050807236245289,-0.09815586620309401,0.14197103685289303,-0.001793894877488203,-0.11804796191076575,0.11707646379246844,-0.013198030468351338,0.16438470184328632,-0.061016743842496154,0.007908756593316416,-0.099015190459719,-0.3088651651449525,0.013879447762767944,0.0007573686363921164,0.003541732883026413,0.006112035294430554,-0.06983266453873274,0.11832034572307336,0.0035286625148807623,0.09327853414722545,0.035997054060448626,0.02801550878575299,-0.1775083017731972,-0.04244153622170512,0.16766353130491987,0.07491344280050871,-0.3367657616241726,-0.059816551563599295,-0.09184655293969815,0.11296079795046893,0.03840669434244293,-0.1572137969704184,-0.04018498510996048,-0.09695051580298451,0.010087179074099298,-0.3936796046241962,-0.019914446938920707,0.016589153667041688,-0.1429561072316677,0.12018302251652421,-0.16341223442952793,0.028065058848296583,0.20397600788123985,-0.20565566090388845,0.26530908706992357,-0.06339454910524596,-0.041209333049035665,0.7401261665262637,0.7995944189506258,1.5471229452879367,0.7476523571605225,0.3797581384674209,1.0783873437076896,0.17147334393853825,0.6486192799993866,0.5910254911654576,0.06685276622307007,0.6760243958607158,0.25757525242025625,0.7388591040673512,0.12664624470100924,0.7044224940474094,0.501545803010302,0.36868380287612834,0.8576364705932757,-0.029080042003009426,0.74618982482179,0.2920068638231523,-0.38267158594781003,0.3628497267230769,0.44585161945230994,0.015709751588406595,0.9381190137046962,0.08771174538359985,0.5230339425403576,0.16088775407177375,0.5827117940545141,0.6582005014912676,0.13105667371203658,0.07212173672380101,1.0444314817255742,0.3298986300501752,0.9955861791301657,0.7956099634700954,0.10359570894422193,0.29078124920031917,0.2019363616485668,0.18943284385392622,0.6369885245650464,0.5103260836908818,-0.01607314901379231,1.0691699806059995,0.9631354783552404,0.17909100646071754,0.3061157625867127,0.0695510835913806,-448.6612222543309,937.2963794220714,-491.694994355389,-1381.605488834316,233.48114398279446,-824.7836613975351,272.1276381723226,-169.11149926285952,-251.79810782859084,455.5862648027488,284.61291611491913,111.3737484995728,-667.3909154090442,254.41852461078125,881.575939225654,-525.270397143446,49.81035302720363,-1679.615103204635,-495.03921824832094,585.3133825591717,241.9016650624411,-431.70983176662554,439.0229470033067,84.78526284367774,85.0971401669484,-90.29490625796079,-1033.2316828609987,556.4404326973421,1853.5703588403449,52.20778040785534,-945.4761775043663,326.8312859509595,-722.1154516832795,991.3188471213335,1420.7080025658217,953.5329541530186,1307.7246249476823,815.8622954948714,708.7949249984623,-1299.0201422439156,116.47732565234925,1198.8565124277732,197.06055849104206,952.6725374246889,144.21298680819984,554.7082947659926,1095.2824115811277,-668.4162779214882,1141.9680789892745,-193.919630634482
19,-0.046400228119048245,-0.03560729738688792,-0.039454136253727276,-0.040828900000209625,0.050807244030085366,-0.09815584825378071,0.14197104354036647,-0.0017938864330348037,-0.1180479662512257,0.11707646036644703,-0.01319803807858479,0.164384700829436,-0.061016742524207516,0.00790875334887694,-0.09901519031031779,-0.3088651714140592,0.013879458139338594,0.0007573793987506647,0.003541733182235616,0.00611203277478682,-0.06983266930472039,0.118320337047857,0.003528666987661891,0.09327854483243427,0.03599705141729252,0.02801550916527826,-0.1775082989088744,-0.04244153534826406,0.16766354629835634,0.07491343750366847,-0.3367657685752101,-0.05981655598943475,-0.0918465443408597,0.11296079839781369,0.038406687552272264,-0.15721379507486563,-0.04018497980714894,-0.09695051429678454,0.010087175383551587,-0.39367960235819544,-0.019914452225036742,0.016589147240880044,-0.14295610457437388,0.12018301324838093,-0.16341223814028158,0.02806506407133873,0.2039759992457765,-0.20565565355209542,0.2653090804546218,-0.06339455778806305,0.3753724917657697,-0.32497843648802066,0.9756069528047285,0.37660900373786055,0.6188484980626519,-0.2849053565533891,0.24217989975287313,-0.03795979456779075,-0.09282954073005509,1.125634768487751,-0.10793804916421962,0.37682294672523864,-0.09320101746239925,0.8598480183284261,0.9513606326221861,0.36710262931086635,0.0629382339801724,-0.5196185439334811,0.6061567075288934,0.4482958454226556,0.5828499280630824,0.8497072454475965,0.4095816212795366,0.09569928619315826,0.26887681608995717,0.32645702160566353,0.05787760102003747,0.40710361378941445,0.715422771825647,0.8355662552474357,-0.02609284647338861,0.5616087153154562,0.2916822013401092,0.774205748178808,0.44751126405564157,0.7249838132193255,0.8550413278045575,0.004353990176524936,0.06447005203212963,0.32205171669265803,1.013405649901816,-0.07519444296998938,0.24508015602529298,0.6929028183160869,-0.22891051989836805,0.7012953873771016,0.3936005044126489,0.5473014161656853,1.0000343490270243,0.4422089006697768,-330.6709634430158,1215.0755546817747,-126.56235806105116,-1143.80041930629,-203.74327487870679,-159.5010098611317,-540.8568160201697,311.46401812047145,-415.5544092436175,-227.66641836725472,105.25561809982958,-895.5615351109368,-744.2655202965675,-59.26497025939787,1075.9437909898852,-1202.0572771318834,564.9568940620563,-974.0342675102122,545.0828122077166,79.57941208715613,-824.1021339808843,-18.00837053151841,519.2972764578493,-588.8959456028163,-197.5095459706433,-26.60061010750131,-2191.6144727334527,56.017960076877046,569.509271318858,303.99838826342284,612.7790322864194,-1062.8086180826713,388.07234533791984,664.532455806133,423.57362741402534,1777.474238671045,1574.9892660268806,-25.07701814241284,1045.177565058441,540.2599170982724,53.510855152310526,-31.242857975025345,-854.8841948139141,287.3828835672426,-310.64098306226236,1962.5285095754564,654.7286732341378,743.6705655563637,117.85543638106023,381.8423439836585
20,-0.04640023357646496,-0.035607294079378696,-0.0394541405093636,-0.04082890406048436,0.05080723219782707,-0.0981558552752529,0.1419710437715779,-0.0017938952804899089,-0.11804796807253415,0.11707646215547321,-0.013198025621536089,0.16438469737819056,-0.06101674677279162,0.007908760463502904,-0.09901519109112214,-0.30886517181768713,0.013879456882470217,0.0007573803079218807,0.0035417318057816925,0.006112032806253117,-0.06983266823722611,0.11832033476568267,0.003528657343830771,0.09327854545492877,0.03599704051629434,0.028015517986874013,-0.1775082984231007,-0.04244152787096983,0.16766353355933977,0.07491344004690115,-0.3367657612672643,-0.059816561616138936,-0.09184655827782617,0.11296079404007174,0.038406686613805814,-0.15721379372866368,-0.040184981760284136,-0.09695051700967834,0.010087170892956875,-0.39367959203644204,-0.0199144519994113,0.016589142549737597,-0.1429561061451223,0.1201830318310164,-0.16341223915056063,0.02806506803226103,0.2039759998052844,-0.20565566861585016,0.26530908302338474,-0.06339455073000348,0.7069936101899501,0.9058922005669534,1.1994040517725741,0.9458600238231056,0.1999650477151108,0.4552262431146127,0.9104643178673484,0.7770236287166247,0.06846728161690441,0.5716022762971463,0.182099765903598,-0.1419452771706143,0.7697237028766152,0.10018877184594699,0.8986337742913756,0.1906639442061096,0.15806260818131615,0.5103364628135354,0.14925012808929866,0.8289304233030016,0.3687871735990909,0.21882723669496074,0.9066301243212116,0.9942499978386945,1.270838376216463,0.17271908031579353,1.2667523300865222,-0.17220628737473256,-0.07725458428711857,0.6534120582879941,0.06061848694755556,0.3546305491326684,1.0386225960172863,0.6935582209901836,0.4843252223818058,0.39213233360356214,1.0388231767778957,1.100768119652243,0.7913252724656364,0.19095251478431707,-0.033727322692581274,0.026820876227548397,-0.02967708420207482,0.5783101724846504,0.6345201910655683,-0.1668018254834425,1.0402629522053817,0.6521379196875181,0.5808932201542094,-0.5320632020734146,-514.4017836522866,712.1357892156922,-775.29750535151,-1186.013204949332,-729.925025704753,-40.88269871181319,-787.0340992101962,316.7453655229612,-602.464763836774,-163.0269946537341,364.057648529147,-519.4687774093136,-2046.960797643739,1028.974273476568,490.3316122077162,-1115.5782259490757,42.23807654328343,-818.1655719650514,130.07867923275415,-701.3984258262736,-901.4095184447285,886.349218684928,1185.0466193058708,-335.3987764239503,241.42956370562652,-536.6410272135209,-596.8851335081877,687.3247351900725,596.7964088890358,306.4821961213051,-462.0975266398706,140.45510949191663,-156.3203320255857,1406.029249017354,-319.0441856153715,1515.900713372028,1373.7354639940957,316.68294020055777,905.9887950501306,483.6377798004449,448.97092678242615,417.146127468476,-1100.8266698135137,54.51827851617199,-67.59976018905252,1549.5881288788325,454.3339895672138,35.06068170069125,415.52572095923045,-244.67888240055885
21,-0.04640022770054129,-0.03560728654605357,-0.03945414882261366,-0.04082889617062724,0.05080724172791749,-0.09815586233687904,0.1419710311472935,-0.001793897086383801,-0.11804796210862681,0.11707646027982055,-0.013198032706358437,0.16438470581947381,-0.06101674169974175,0.007908754248626092,-0.09901519045995753,-0.3088651744255628,0.013879455651057221,0.0007573753492536813,0.0035417338424087413,0.0061120290856098245,-0.06983265906337344,0.11832034607548933,0.003528657251499293,0.09327853867207393,0.03599705265115691,0.028015512315432905,-0.17750830414554084,-0.04244153581709852,0.1676635410457743,0.07491343846380935,-0.33676576760956856,-0.05981654356451439,-0.09184654825144248,0.11296079646439744,0.03840669262913587,-0.15721379401609362,-0.04018497830271223,-0.09695051726738939,0.010087179005245752,-0.3936795977394162,-0.01991444898661874,0.016589153198267353,-0.14295610790608576,0.12018302172308412,-0.1634122362693677,0.02806506682910703,0.20397600470781382,-0.20565566320289105,0.265309088934978,-0.06339454364394279,0.4599188317596693,0.4175255841383583,0.7896187407917316,0.4230369403204086,0.5200691668274084,0.31713367434921313,-0.2863769327515381,0.545954265735442,1.1012397577073696,0.6506154960853923,0.7419658368284952,-0.13220016246021876,0.6888455163294439,0.22430912919276275,1.0853623707149471,0.35786445205537953,0.6089538458784555,0.285331557385595,0.48779689439474594,0.35015168846002775,0.4889030268091085,0.1858289522575955,0.35129151593416147,0.24989684141699986,1.137484258569617,0.61972533353281,0.6302290297025056,0.7081411971797704,1.0225207282690172,0.9880971223262041,0.09842776007305037,-0.11257835200356567,1.2427150458529361,0.748972683788125,0.9618312392738423,1.1143917812520923,-0.06276814914369333,-0.03808267294867937,0.39706457793594463,0.6015578924968364,1.3329515018539357,0.6782639673407561,0.6911851789428253,0.7707302160385212,-0.08436051428910875,0.15726063753635006,0.26617616017434803,0.41683166106685643,1.1947757535209478,-0.0708635770394873,515.8254065105647,1412.931836344535,157.1601286479779,-422.1651493904751,338.85727133430004,-44.1389955449519,-648.3541147891864,555.0993550353328,440.793547279412,-498.8285161038455,755.134386956142,627.8827347069745,-417.4476721820505,-419.1288536424407,1319.608304926544,-603.1361616980848,77.19369546096948,-1098.1760220313126,-47.30927903359629,-183.59807633663553,-1037.9726217014877,579.405116520296,961.6572910612144,-9.879333674288375,-493.53435931898633,158.36334459029217,-423.22338769401443,172.02493396219566,715.6321414905378,-710.6434167896954,516.16422445217,413.894198587556,150.12763773691302,1907.3648658001307,170.1696931195568,1951.254645868892,865.233759137215,405.1787372487838,1233.3398301235902,-86.67847502750072,-114.73122308982502,766.3726129072033,-565.9192784254491,76.31204177165381,-1140.8844651870031,564.7235384094762,468.7868557367106,-312.58330057030764,907.2516230108849,708.0121030346368
22,-0.04640022714046686,-0.03560729852899517,-0.039454142809644606,-0.040828902139543356,0.05080723174425537,-0.09815585159499934,0.14197103835444969,-0.0017938990332830819,-0.11804797380479874,0.11707646922829153,-0.013198029893745968,0.16438470079266812,-0.0610167451355224,0.0079087507208646,-0.09901518804233432,-0.30886516860083,0.013879461708990506,0.000757375348006965,0.0035417343423115285,0.006112032805130876,-0.06983267476458349,0.11832033543290404,0.0035286591582882297,0.09327854569043995,0.03599705170403705,0.028015521311522525,-0.1775083045676482,-0.04244152671234942,0.16766353588983335,0.07491343782271813,-0.33676576106077033,-0.059816559244336674,-0.09184655008361557,0.11296080424546322,0.0384066934371023,-0.1572137952934991,-0.040184982467555634,-0.0969505035720711,0.010087178230355752,-0.3936795947006538,-0.019914451383424767,0.01658913962860905,-0.14295611443018313,0.1201830249825175,-0.16341223604902744,0.028065065052464436,0.20397601276916963,-0.20565566602306753,0.2653090804969711,-0.06339454466810039,1.0698052714789834,0.3266099586209288,0.7358238334072936,0.10723017712312405,-0.15577165779430785,0.4620789237606291,0.6138646509878689,-0.49701575297478895,0.8856869757813395,0.9750634858376831,0.5211884534823472,1.050203204390926,1.045336250287305,0.8118783841771915,1.3441883941865618,0.5385730725979123,0.4496456992014666,0.22852015630895484,0.15738848146041437,-0.22771601472478248,0.4187198865823535,0.4303900382132262,0.28306013582407097,0.7590465406758142,0.8756356995697638,0.32625708665656755,0.7220251096099708,1.0683232394110858,1.0145745698265634,0.6808945824138086,0.5382428929020182,0.2066044674351974,1.0037257812626685,0.3339533380426869,0.6627220545593575,0.7869725526006937,0.7516965457712241,0.15778732348818225,0.0062313789217883775,-0.3725464717722189,0.1711161884372289,1.3190771182148646,0.4446787021694302,0.3520940664349125,0.5500772353288699,0.7685984045828999,0.9187967080587387,0.22352562921385566,1.2791676327207893,0.6757942854943365,-492.5871381287686,593.9189377790366,724.8573468272212,-175.39740468556016,-935.1021303043374,189.70599725793724,-1933.1707220243525,736.984831600822,-281.1022120236182,150.07450294723432,215.61288651955488,296.5200967280173,-965.7563387142418,507.3769043909167,1387.3386562104079,-849.8521686000777,660.9190025448204,-1239.9156663945969,284.34729238373717,-192.56010155204126,-1527.7498069524213,-334.72518183955754,-74.64379587042438,517.3150314979432,598.3472392240475,1880.1337225472819,-289.9489222100484,710.1705795051084,647.3452132059847,-572.5060415174107,17.502874670039716,681.1194682993408,714.6862396755337,1064.8861686424632,137.06468593261968,767.3283539823778,1161.0769522572652,510.45272340285925,972.2780660198758,-431.2740143247474,953.9547342430329,749.6869380606905,1167.5139428791451,219.27447465669078,-634.447683777856,269.7276982030355,924.7394176017665,1018.3760796027383,892.6596667762599,-990.2235354525014
23,-0.04640022523102663,-0.03560730925498925,-0.03945413362177209,-0.040828898827084854,0.05080723804345723,-0.09815584743583919,0.14197103442482928,-0.0017938903899518003,-0.11804796292602009,0.11707646585764656,-0.013198037959623453,0.1643847061449687,-0.06101674169821307,0.007908752066468676,-0.09901519300809086,-0.30886517695295695,0.013879460794428021,0.0007573731736195388,0.0035417470098237126,0.006112029769440973,-0.06983266915673957,0.118320331193087,0.003528664491089657,0.09327854777568577,0.03599704949107571,0.028015513985861048,-0.17750830084951963,-0.042441532210134685,0.16766353447131602,0.07491343203390274,-0.33676577044780753,-0.059816548180877664,-0.0918465543474685,0.11296080157913861,0.03840668970733381,-0.15721379291100132,-0.040184981883793054,-0.09695051710929901,0.010087170312988506,-0.3936795893824594,-0.01991444845389148,0.016589142051849998,-0.1429561042321935,0.1201830263193548,-0.1634122401382918,0.028065061533542098,0.2039760114634194,-0.2056556566250357,0.26530908125210634,-0.0633945497099562,0.606062375346985,0.8513313369701703,0.2459185473385036,0.6323018228598729,0.0744479373599809,1.0829412490412207,0.5881969031085983,0.7691579329584709,0.258944750450147,0.8445714513966514,0.26937682647447814,0.18368580778886776,0.7349339020959641,0.39548894117531025,0.8530743294192036,0.5871781094218318,-0.3047275751104064,1.3232726015641565,0.6496003940950642,0.11112548856025739,0.21289081773098573,-0.024011051069999054,0.04936247939317959,0.03703765252358793,0.5275730827748972,0.7887665719017032,0.5164005037186448,0.09399270793144367,0.9964835517071651,0.8835007403362002,0.15241885192645574,0.5456193136469555,0.697574017270244,0.22090194950193473,0.033144121506608615,0.9641264313944793,1.473787972448585,0.6398222323497307,0.3213742143129484,0.29618693410510755,0.7045099786877423,0.8811488777020321,0.6143186998143328,0.04419707921067657,-0.1071428329722234,0.04682141012527785,0.06980054488458687,1.2256867870617587,-0.08863976690422179,0.2020416337304991,-1258.393313293645,1146.4810246352454,-91.29110216246909,620.5161602316389,-374.0903346099953,-1172.9323060778065,-213.62295137589018,749.5117988728293,688.0714519441646,81.77478457576726,1179.2589435241132,12.789104708484317,-915.2009182828757,883.9326077774698,-19.615900088984702,-543.6640088550877,-17.413973040498263,-1109.8151813171487,-31.200041012828564,19.98875234507986,-380.57716410468106,259.5714237708708,211.55190419727796,266.46498168815583,428.513935248749,186.94034388260332,-171.23755219199643,1301.6409116109205,439.8313389206462,258.26265407915736,-1121.1460358144218,2370.527485783026,1319.4169864250696,609.1041906635169,585.900277973136,438.6082494301286,467.36438310005235,476.8596604908591,143.55015556467873,98.86042831548426,339.52974752038784,574.4650573799537,67.71966756074931,-216.35850855577124,387.33622474762524,1474.3729491072972,1171.0682070381356,-308.7889053111951,1126.0697607825655,574.7955691274977
24,-0.04640022833151788,-0.03560729611382995,-0.03945413750582357,-0.04082890241315057,0.050807237749977245,-0.09815585882826454,0.14197103275430503,-0.001793890533936236,-0.11804797085528196,0.11707646451092125,-0.013198024304338422,0.1643847058254485,-0.06101674239850562,0.007908763656232908,-0.09901518723147368,-0.30886517509706185,0.013879454850610201,0.0007573807931492583,0.0035417330342505486,0.006112033561241833,-0.06983267095296532,0.11832033894904558,0.0035286612006578265,0.09327854592278637,0.035997052380918715,0.028015513737497093,-0.17750829545707628,-0.042441524389017785,0.1676635361227639,0.07491343654465352,-0.33676577041669464,-0.05981655716642063,-0.09184655565829973,0.11296080531477151,0.03840668790685722,-0.15721378470739758,-0.04018497603389012,-0.09695053026374881,0.010087179700996284,-0.3936795993550902,-0.019914445636105105,0.016589150340171492,-0.14295610599840294,0.12018302693679284,-0.1634122385685293,0.02806507326725985,0.2039760075981084,-0.20565565541546224,0.26530909734592106,-0.06339455303848619,-0.1460656202702398,0.09549692563892631,0.6294665829725233,0.8030251182061399,0.5422278798294549,1.0643511430750245,0.3284452861876207,0.9275791840197182,1.366864374688233,0.7172269134659459,0.2729515599716553,0.36185534902098476,0.7508666200871321,0.16839555816333146,0.22917829840751464,0.7911574268565774,0.9229491396703239,0.6406577456327059,0.7794026998382717,0.8921611484475189,-0.12903264920763724,0.44835494753772653,0.37681678564374776,0.44542230571302555,0.37220250269978156,0.11485812949505314,0.35684711556182014,0.5856983219318015,-0.1622935975202373,0.4507951838463998,0.3045310698763433,0.7683176028817952,0.6667371448764176,-0.01941522535649555,0.6047446485864097,0.9350704355434736,0.2366350688880317,-0.15625750325928742,1.1107108653552151,0.5655023972323389,0.5277994521633154,0.27578612687087056,0.544748986172255,0.9084355620974764,0.10304569288375079,0.5499614089694539,0.45623576692934564,0.23890500115444346,0.5175507368687958,0.4238293501152688,413.4504401291656,641.4774494358697,-212.1927659707455,9.2874090647013,-680.9055170376628,-464.7493547214493,-1119.818088317094,634.3552281087779,-220.90805981126783,-684.7085014244872,-459.9746442487992,-98.86941365346397,-468.4547431587328,999.98125182686,1542.185974299216,-725.9330499635035,-213.37006041264277,-1219.6783026621183,1001.0695002764197,502.7607213753629,-343.5624695093936,816.2647731666162,120.5026586856693,-60.172844936014954,236.40079583016438,801.5946724267886,-430.86730255632017,1167.4925903613362,603.4353004755981,737.5455491503335,-149.4191193595482,420.8696143210549,723.486487639838,862.4100687092509,-103.95179578510482,1091.4011699793382,1238.376231938008,123.93775848580228,1246.5901552334312,-234.50625192660993,-237.49381520833668,525.9835341699877,214.6425048761057,-486.2093920920326,-244.95012554370544,1781.8694748290097,78.86610209798451,357.0066972825683,1498.168870174181,-173.99037536833328
25,-0.046400234111032924,-0.03560730125509335,-0.03945413433725299,-0.04082890481175906,0.050807240469995726,-0.0981558574200919,0.1419710353531333,-0.0017938988070914958,-0.11804796580876252,0.11707645921837427,-0.013198025658357499,0.1643846993459229,-0.061016742315408184,0.007908756919161854,-0.09901519090905454,-0.30886516566840655,0.013879456076292884,0.0007573885559496887,0.0035417371932700277,0.006112032035870711,-0.06983266797159707,0.11832033679879755,0.003528667252484215,0.09327855082099909,0.03599704477659658,0.02801551100799539,-0.1775083020792405,-0.04244153278252683,0.16766353921023347,0.07491344247417134,-0.33676576501356176,-0.059816550794295986,-0.09184655409934431,0.11296080730619128,0.038406687383747,-0.15721378405043557,-0.04018499461602699,-0.09695051158402311,0.010087175103627971,-0.39367959413882686,-0.019914451400862072,0.016589143525002514,-0.14295611701668046,0.12018301678310722,-0.16341222812588035,0.028065055718400192,0.20397600075225572,-0.20565565844115147,0.26530908266104136,-0.06339454843653596,0.17652312572184792,0.012177156771622955,0.6229465207951996,0.10868735848116497,0.8838899299521122,0.20094632863425024,0.8820858911839335,0.7209692936174825,0.5814322797234068,0.4085122681655028,0.804477020700185,-0.3425915450570478,0.8233935887980358,1.0052931945925856,1.253828063314562,0.9349586231361884,0.4947308069340821,0.9603896012378651,0.6719561109871073,0.15619507185913956,0.3756282149002715,0.23497434471423173,1.0172142254401506,-0.12660427026212168,0.17688843678213595,0.07526853741097615,0.32430275813119513,0.5802011999642054,0.4622793221524619,1.0295025514166367,0.7211212463765753,0.6374304441378988,0.34356780690391175,0.9178978090714597,0.46004262876581303,0.22439852490473694,1.3834880315181977,0.06322197453403011,0.3036001863605292,0.4769934918455545,1.047766609006406,1.0809525223356964,0.5773942126129108,-0.01840123206905428,0.9527262915465091,0.39036044602584735,-0.13136455805261485,0.38319809265411575,0.5934175133456345,0.11377727105383167,-214.11770736839674,793.5653321554539,392.4858318092699,-130.12788934654458,-381.0987942758165,-170.8040899890184,-417.27178444387164,-101.91197569069044,-238.99897325263566,-363.64884836762076,554.4350626252027,-138.01085722683558,-733.5125225578134,1216.1304572848826,1366.379719479876,-1501.8769637324967,96.87249742487697,-689.7273682371552,381.58314882512036,489.9126131566573,-583.6584852284441,880.3419886359495,672.1029916307687,7.717759303806815,841.5112850630579,1100.4726626466877,-1350.2557105624624,562.8243167516811,614.4651076917846,82.26589658653137,-31.88468486978985,-362.3457408250543,1096.7611933944352,1431.4676443181097,265.0947791323974,1294.9564449631364,1759.8288884951746,180.40898541745196,2273.292925063408,568.3766457018143,451.69225990412525,66.95800272035301,-66.36492430289134,1211.7525812952572,-283.5633675573859,1971.8004619024935,388.3347223624994,12.714069170666125,676.9222854952848,754.4154068617827
26,-0.046400222202722205,-0.03560729262567591,-0.0394541377921022,-0.04082890066607499,0.05080723803136658,-0.09815585353192018,0.1419710363884231,-0.0017938972679863313,-0.11804797077957382,0.11707645993094792,-0.013198028446747436,0.16438469855628773,-0.06101674231220785,0.007908754800592938,-0.09901519012941566,-0.30886516678315895,0.01387945244804305,0.0007573744948870413,0.0035417326193246026,0.006112032614433047,-0.06983267128657471,0.11832033869641291,0.0035286640788330936,0.09327854562361006,0.03599705246299768,0.02801551847668362,-0.17750830556301192,-0.04244152908682197,0.1676635303906473,0.07491343302334968,-0.3367657528931048,-0.05981655789014602,-0.09184654931277077,0.11296080102069994,0.03840669007037224,-0.1572137851525484,-0.04018498529761329,-0.09695052307591767,0.010087184015280698,-0.39367959387568924,-0.01991445297147175,0.016589156039290426,-0.14295610874100578,0.12018302977894377,-0.1634122411683849,0.028065078421357414,0.20397600382164147,-0.20565565798238028,0.2653090803878716,-0.06339454841899761,0.7230682558940362,0.20323226797248045,0.3679214603954073,0.5418115301516937,0.41640892823183534,0.6309261256184943,1.5226387318653063,0.3264704869682046,0.33653049320418105,0.6253006650400167,0.28175067067606335,0.4986983573593501,0.2423306473896948,0.9618242343036811,0.5946328783370036,0.1742342561618589,0.8477764311469755,0.7705180986984572,0.486156253580533,0.03242386618410509,1.3555801201327795,0.3025835270887522,-0.015500782987335149,0.22781140015690832,-0.3950707302957556,0.6094450777222261,0.8762047210043615,0.8987123910205366,1.119367852180554,0.6163188548559044,0.028967751490827587,0.7300558838644166,0.531947974953916,0.3925214618047445,0.7192985553867967,0.6306911470991308,0.4600487174034744,-0.00357177518006202,1.044965347370916,1.0413577972534118,0.4300102681643614,0.2132308836941611,0.7116350530980202,0.8661928210621219,0.8190097971985371,0.3100948071425441,1.1824734096652243,0.29005397688378187,0.4623976692042823,0.9965156762167554,-74.24420626529806,904.2060305208704,-793.2795803247635,108.33400254316379,-975.4271521410827,-272.5590889403041,-1435.679854357913,417.62588096923065,602.4766157842648,-716.5023428454533,252.2277876038497,66.1904806890681,-351.61070786554427,797.2508729767715,240.06732191066862,-659.0892042939986,-320.7560161955274,-1405.691699763677,780.2162183989412,329.06102735847065,-1222.4861581003615,70.67038485460563,1142.4082859991013,-166.52556522106485,303.77254542224597,231.00230189490946,-979.4031731068841,365.992062921962,672.3754699482051,235.23477773692667,146.61940162892125,1529.8140359454628,1002.2201694818162,502.2209065056211,583.7599373364119,2084.6683909102767,1099.2825694155881,-138.09184059955393,1199.5817223595366,-476.02299641062825,1126.1412407098705,1336.2923147738957,1164.6528355740352,531.3374259795964,-1301.8845481888484,1135.0035429414975,711.8724660611682,837.1730969262501,1390.5332296677916,12.409514550656183
27,-0.046400234301027715,-0.03560728969657807,-0.03945414020808479,-0.040828894388436655,0.050807244486324135,-0.09815585438756082,0.14197103025267674,-0.001793898093569178,-0.11804795497277874,0.11707646033039854,-0.013198037031408831,0.16438471145823938,-0.0610167341525435,0.00790876351133363,-0.09901519933927842,-0.30886518186977024,0.013879452954757865,0.0007573771828574511,0.0035417308617609624,0.006112027159574153,-0.06983266541545938,0.1183203359062363,0.003528659684942429,0.09327853930750539,0.03599705095329988,0.028015519269156974,-0.17750830334170392,-0.04244153463772219,0.16766353624254943,0.07491343672905394,-0.3367657634837876,-0.05981655507185332,-0.0918465483745314,0.11296079759121072,0.03840669367423614,-0.15721379394096985,-0.040184974972290816,-0.09695051482769819,0.010087174495598303,-0.3936796040911264,-0.019914449920413514,0.01658914568763891,-0.14295610794220778,0.120183019360445,-0.16341223324512924,0.02806506907930088,0.20397599842629385,-0.20565565893294,0.2653090869887214,-0.06339454792368834,0.31403795302392606,0.8131612832971725,-0.057776216432219224,0.4476799506940067,0.8031220815396716,0.09052618043038914,0.17540447569802167,0.5083988989553582,0.30424156023609283,0.1275512872924489,0.525353056888618,0.9237257918744877,0.8613794833382478,-0.05765560844445344,0.8205793714749093,0.8109965240863761,0.18823719445623954,1.005713798767798,-0.3071902251299652,0.017278216614031422,-0.13548876087848735,0.465502653437267,0.2615908643819157,0.7674877054021937,0.15672607477145467,-0.22763271737083413,1.01332605369798,0.5188560248534728,0.3712862786062313,0.22936442206675445,0.8509501014056542,0.38635673581327024,-0.2781102771955595,0.6272800844878553,1.2620587197325581,1.0366591899938247,-0.05309638209151356,1.1118929361438588,0.29870569884158493,0.8878356788007724,0.46387790262279704,-0.08915391378202334,0.728033685128485,0.26083766421088433,-0.1578005292064148,0.17995992023809548,-0.12866075339653338,0.7649141912000458,0.9930960995584638,-0.24184215586263946,-514.359154378898,1175.3876721560766,798.839288328661,-109.03543870181034,-590.2103840698218,386.574914720548,-2062.584491224434,243.83599783239174,389.59342251720375,-389.90012002246823,1069.3237535061128,-374.3831565989814,-963.996672403759,352.84947256166015,1078.5034455880473,-1210.1476163962657,-34.55960669979086,320.26437862735844,-436.34418462053605,-1067.472838335403,-1924.3876636674427,-18.347799083506857,-563.2292121453306,488.6870568778449,-552.3504040683412,907.5269408697022,-390.25564989200177,636.1086615622626,562.5650010122479,-162.52104204533748,-278.338214119171,928.4848071350508,455.5792808887877,1773.7571870115542,230.9418253883752,843.8970463406791,1111.5606403321706,-288.92204747717756,1809.0817642403563,-807.7923504240678,855.4786112050447,706.1325018628077,129.42581146466398,62.872542306059984,-371.3377356245319,1383.1158106064797,90.93474946402011,394.83795615965226,1377.8552733765243,-453.85299561972715
28,-0.04640022451799703,-0.0356072938542062,-0.03945414740115336,-0.040828900564784956,0.050807235066285136,-0.09815584791730023,0.14197104219596046,-0.001793900870752453,-0.11804796719117679,0.11707645916094571,-0.01319802292680327,0.16438470134997094,-0.061016733328082266,0.007908752408351519,-0.09901519314407993,-0.3088651769767374,0.013879455862370788,0.0007573798069107358,0.0035417320655750204,0.0061120343526986625,-0.0698326639803314,0.11832033666524965,0.0035286634887510644,0.09327854084720037,0.03599705094121018,0.028015513780863116,-0.17750829987006336,-0.04244153312307066,0.1676635312877776,0.07491343649719816,-0.3367657596007528,-0.05981655600265017,-0.09184655021748173,0.11296080915170534,0.03840669874043927,-0.15721380306082922,-0.04018497826747857,-0.0969505112507172,0.010087167249475896,-0.39367959515369383,-0.01991444493405886,0.016589148522131617,-0.14295610515745083,0.12018301385697093,-0.16341223502036537,0.02806506235061096,0.2039759968621743,-0.20565566044711855,0.26530909229648986,-0.06339455379396654,0.7420136963364605,0.5801220237244484,0.4731764630554648,0.7724357214501859,0.1357506542624381,0.9673949294554284,0.7170515862983083,0.671793166180559,0.6999175696509982,0.8249369257998819,0.19774416303906514,0.7864276166569771,0.11516433114630666,0.8978719207970107,0.07296809213317783,0.7923844044810039,0.3016012500552771,-0.03703346309012184,0.39523617366600783,0.373813999265964,0.27641491010701985,0.6119323649422509,0.8042461027586397,0.5885692232132356,0.3108143778393455,0.5759855177109271,0.2142509493446081,0.2172464431678351,0.7739106049826032,-0.44779963697234104,0.20256864639509942,0.9121552265354447,0.6642576376095449,0.4544483159966779,0.9826674005573555,-0.14393035372622376,0.6460826192607744,0.04296064876894018,0.5876082560410946,1.1706787629453634,0.566086783104485,1.0217811718667495,-0.13419605702945,-0.07349336114399745,0.7773975764325267,0.9788481818357692,0.5755897626214066,0.6186357379922235,0.9787447796696399,0.8300412514212718,-586.138550462209,1507.2985119310868,-128.03134830239716,92.75677172919063,-443.8347011392546,-1090.2239743414902,-474.95437007637827,-327.1578197916572,1363.2848779966998,-380.3758317614645,813.9764378590214,-103.09332605547064,324.24294186080203,637.0775052209337,378.9045292937104,210.70791954017926,-122.75146709531526,-1321.6282909008605,-167.157024272511,-550.3626376975859,-695.0984254348888,55.91295238872732,331.9052980984306,-114.38414101471025,195.78735461509194,-72.20300340291627,-790.2922158801111,289.8223317509072,866.1661114327283,857.8607459715375,-900.1057379984122,2016.4393402975513,489.971791349303,251.47060831220807,716.112043388358,732.6512251808318,1282.3650785653267,-63.99646785850355,675.0149345999442,-498.49008177805507,77.92461352711223,890.9803171541466,182.32529229785945,-144.54577097585963,311.6229704652142,1051.5349444802384,821.8268145593157,469.84350026126924,1202.1003802614896,1945.8254430495615
29,-0.046400223057868874,-0.03560729849963099,-0.03945413602536831,-0.04082890073577546,0.050807240659377806,-0.0981558612489875,0.1419710360191574,-0.001793889596371226,-0.11804797172288578,0.11707646646941153,-0.01319803366454156,0.16438470675934402,-0.06101674567499119,0.007908759277346473,-0.09901518693584274,-0.308865169841205,0.013879454486846287,0.0007573784765756538,0.003541729329666652,0.006112034503586592,-0.06983267052253889,0.11832033654872816,0.0035286673501371234,0.09327855320175699,0.0359970465169301,0.028015516509360766,-0.17750830092255673,-0.042441530368226295,0.16766354262998237,0.07491344153319818,-0.33676576648721696,-0.05981655551266021,-0.09184655131268525,0.11296079445901694,0.038406689131945115,-0.15721380423161993,-0.0401849734045751,-0.09695050792956546,0.010087174164406146,-0.3936795981227528,-0.019914455370768667,0.01658914183430063,-0.1429561049057757,0.12018302091227867,-0.1634122358169719,0.028065065995471702,0.203975995912409,-0.20565566254646317,0.26530908519824364,-0.06339455451971016,0.35839552870484065,0.2397614998344181,0.4628496731540684,0.5812109382171807,-0.13767657466025546,0.4251265345592548,0.7814516626737434,0.3624326479966962,0.7053905847885523,0.2798699969383932,0.7962179914526525,0.2266665357464797,-0.01287211899912194,0.05776751529250224,-0.03737271409263354,0.7477933549959421,0.22486944173735607,-0.06730041331885105,1.0374691059427321,0.992615963158761,0.20332134331844454,0.8871007200926371,0.17324473281600486,0.5598527132507622,0.6033816165537949,0.27846767243317444,0.8619482499443915,0.8742302200997562,0.3629639894143344,0.9964850189730405,0.3393687635261073,0.41214859952713573,0.46408515406648504,0.5500467646608768,0.7045015454272054,0.1342195862613192,0.5179269443368534,0.4544306059191742,0.9387272686295849,0.3508082947194197,0.3974405471891338,0.8630918324435888,0.10807432536531283,-0.1721586772744249,0.7377369143962212,0.5544076324549394,0.7473281338394593,0.05206328125782596,0.02671064099607756,0.7547525821524338,-157.80868876759473,873.1873011277635,423.67317866390476,-771.9763402033535,-509.09440349927957,-63.67558490607857,-655.2538845397947,827.3556501806275,745.4526503303111,826.992726725558,256.0637368808865,793.5355478625157,5.605811719508836,-134.54587308820695,-274.09446148868074,-519.5913185464445,-330.9764488182731,-925.7542860965268,344.9624211458703,-817.9635559695395,-1036.386290633347,-727.2183079494675,671.0389451031351,-349.7435292298154,356.74665201394436,739.955782421249,58.60449724507254,1624.87085994988,191.16019391034706,-165.5125463277291,-538.0143449902982,1818.2296749387212,1454.476752987584,101.36266393429193,234.04409327207287,796.941414572646,910.714845299535,502.10524463855563,430.33750365939346,-431.0398364808063,383.4541597864028,628.1158130193533,499.9196792116377,-159.12563067427178,-332.4049355992486,1423.6394216461747,1955.7993455485018,734.7927060794912,752.8118482610735,1145.442499223294
