,Z1,Z2,Z3,Z4,Z5
0,0.45892662,0.2564767,0.04859337,-0.26093575,-0.4763381
1,-0.36748874,-0.03309232,-0.19976103,-0.46764326,0.012610071
2,0.113888584,-0.09304731,0.27779087,-0.13502797,-0.54566985
3,-0.16384412,0.43372652,-0.16746499,0.16351932,-0.004215293
4,-0.39575586,0.040666163,-0.18941903,0.032752387,0.024698392
5,-0.34231707,-0.12633471,0.2250778,-0.38826814,-0.15672763
6,-0.6109618,0.027868936,-0.55758333,-0.40310505,0.22692457
7,-0.10519707,0.3315849,0.059815414,0.5068916,-0.079356916
8,0.22027108,-0.07082524,-0.32440457,0.043010127,0.27105215
9,-0.10384706,0.804451,-0.22127828,0.108467184,0.032540612
10,-0.1534472,-0.45557728,-0.57850176,0.24638185,-0.13672937
11,-0.2824582,0.11112577,-0.3032492,0.4203282,-0.057155408
12,-0.38720804,-0.5684005,0.11841854,-0.14385742,-0.6157952
13,-0.42321324,-0.34899172,0.32889837,-0.21531008,0.38839683
14,0.0005010827,0.15551178,-0.06008273,-0.48462856,-0.3400846
15,-0.19306514,-0.053053655,-0.08930175,-0.21926698,0.16142558
16,-0.20541225,-0.74569106,0.09640615,0.0110746715,-0.30631593
17,0.07692045,0.5053952,0.24442388,-0.5157244,-0.14538106
18,-0.221002,0.3050876,-0.09157533,-0.26604754,0.24209443
19,0.08081866,-0.11654449,0.63678455,0.39157358,-0.13594276
20,-0.4257024,-0.236807,0.030380504,0.5721192,0.2972562
21,0.05896723,0.38755235,0.17019676,0.09721829,-0.21373706
22,-0.42317855,0.20039898,-0.32070085,-0.357264,0.33300298
23,-0.39646888,-0.41898528,-0.12119712,0.047525216,-0.5013849
24,-0.19953243,0.30128303,0.265013,0.40385672,-0.44272396
25,-0.5320997,-0.30780903,-0.5209407,0.25779304,-0.32366443
26,-0.02251028,-0.17109154,0.34833226,-0.05072532,-0.38501614
27,-0.10975761,-0.7479833,-0.2908895,0.048126232,0.13522467
28,0.3445023,-0.21624444,-0.13748989,0.32287356,-0.4073197
29,-0.0023915232,0.3499374,-0.37988746,-0.070989005,0.12868689
30,-0.31514117,0.12501611,0.08048225,-0.4326322,0.25538525
31,-0.4013913,-0.57337403,-0.43024677,0.24125256,-0.019826297
32,-0.24925971,-0.17711641,0.35601655,0.15594572,-0.20547946
33,0.25988635,-0.11695596,0.22418588,0.22022675,-0.1679303
34,0.3533795,0.105997525,0.23014203,0.054664172,-0.2818615
35,0.17111826,0.34838617,0.08853714,-0.035801034,0.14522094
36,-0.3800086,-0.45278487,-0.05058941,-0.71139646,-0.370173
37,-0.096730486,-0.46055084,0.14825408,0.34293538,-0.034587797
38,-0.55589247,0.023377944,0.22842805,-0.08162449,-0.023186607
39,0.040486462,0.4050991,-0.16459994,-0.11413711,-0.52319306
40,-0.5764291,-0.24186634,0.17468424,0.31925645,0.088045664
41,0.0855344,0.4109911,0.3966805,-0.21345621,0.02477249
42,-0.035935074,-0.82236207,-0.22783592,0.04057662,0.12875032
43,0.20072539,-0.4548101,-0.08643467,0.31821606,-0.27621782
44,-0.6286393,-0.053930037,0.30593425,-0.5932309,0.035331354
45,-0.47962865,0.3042842,-0.10156488,-0.1644075,0.32940838
46,0.090771355,-0.23367608,-0.36760476,-0.27173874,-0.033198595
47,0.27358058,0.19017893,-0.32797563,-0.16556732,-0.37747976
48,-0.016400335,-0.45738056,-0.14354803,-0.0020281104,0.25963056
49,0.00762579,-0.06248428,-0.0069617718,0.32319728,-0.5424362
50,-0.07037831,-0.20430532,0.14340474,-0.077397384,0.25638005
51,-0.15766022,0.20014213,0.29383987,-0.16618912,-0.028095594
52,0.52320224,0.20608836,0.25299725,-0.24599445,-0.028082572
53,-0.3264642,-0.11691228,0.5989911,-0.19204503,0.13856989
54,-0.1142772,0.66438156,0.005998546,-0.12983984,-0.112926856
55,-0.31581855,0.07837755,-0.45648867,-0.07281903,0.17857032
56,-0.1682312,0.2690458,-0.17647864,0.39636356,-0.5996212
57,0.122283824,0.36008036,0.035133485,0.15486328,0.23024382
58,-0.33734086,-0.30514345,0.04521207,-0.15149754,0.5937068
59,-0.46825996,-0.19086817,0.44246146,-0.24399209,-0.13511577
60,-0.04248672,-0.10269575,-0.609969,-0.10965042,-0.06211005
61,-0.08199711,-0.08963771,-0.26192185,0.22034185,0.27315518
62,0.24195594,0.6195758,0.19780168,-0.011486388,0.41964784
63,-0.20171513,0.06367555,-0.5667235,-0.37572095,-0.018783147
64,-0.53335977,-0.5484205,0.03173892,-0.024104338,-0.43290457
65,-0.09962002,-0.21761705,-0.037724685,-0.41304627,-0.3574656
66,0.26723596,0.3974315,-0.15116489,0.45332742,-0.09637529
67,-0.12053571,-0.47804385,-0.025585312,-0.7982315,-0.036858596
68,-0.122176446,-0.16099408,-0.6979148,-0.41909418,0.072626784
69,-0.31536725,-0.21991932,-0.540086,-0.49077868,0.15582888
70,-0.104452506,-0.5103357,0.13880822,-0.7374436,0.2698743
71,-0.17292394,0.50781846,0.059604045,-0.11176958,0.16021432
72,-0.58004194,-0.016488854,0.3258676,-0.47602975,-0.02195149
73,-0.61136585,-0.23679313,0.54965115,0.004596102,0.00883316
74,-0.26089284,-0.22237019,0.11161303,0.10818236,-0.27857086
75,-0.10110223,0.13014385,-0.18613127,-0.36163035,0.07258342
76,-0.057425026,-0.0696883,-0.44225696,-0.27999383,0.3962552
77,-0.34399894,0.084880315,-0.2614491,-0.4425463,0.04042178
78,0.2971695,-0.13695873,-0.12539548,0.2674831,-0.40028936
79,-0.13690214,-0.02616496,-0.15325606,-0.39662117,0.40024528
80,0.55283755,-0.3539683,0.296189,0.23187332,-0.466969
81,0.14535937,0.42791033,0.10826332,-0.12088187,-0.6859081
82,0.32600448,-0.24167594,0.17098804,-0.012671478,-0.07789649
83,-0.0054314584,0.3784449,-0.10767954,0.656015,-0.30661613
84,0.2340536,0.48750067,-0.45891637,-0.12122558,-0.12511358
85,0.31261256,0.5148499,-0.45676884,-0.31531754,-0.0603546
86,0.32236788,-0.29703227,-0.36069283,-0.27301836,0.16253005
87,-0.16757636,-0.5669762,-0.039559342,-0.03360063,0.049763855
88,0.26279658,-0.019224847,-0.3123487,0.11091009,-0.039557118
89,-0.48933092,0.25808126,0.0010623545,0.41470012,-0.23420934
90,0.2713645,0.37505895,-0.44358042,0.18514176,-0.20918301
91,-0.39146268,-0.26265937,-0.09559433,0.090346865,-0.09593687
92,-0.401828,-0.45739183,0.5636605,0.17962003,-0.07627055
93,-0.06512374,0.158595,-0.010620478,0.4107439,-0.33098447
94,0.17077883,0.015677737,-0.2930831,-0.29473203,-0.2977849
95,0.1202194,-0.06949889,0.2969769,0.4479753,-0.2707788
96,-0.251882,-0.19790417,-0.39777008,-0.11166305,0.15217371
97,0.4792229,0.16701965,-0.08341699,-0.116224356,-0.17688437
98,0.3286706,-0.41838154,0.16392368,0.27369383,-0.27598485
99,-0.47792342,-0.32358602,0.2694664,0.20370503,0.26077095
100,0.17412262,0.15427497,0.10433176,-0.3768476,-0.01319924
101,-0.26087147,0.06472102,-0.063972086,-0.4364172,0.07464259
102,-0.47856864,0.20051312,0.26874596,-0.18069254,0.037755176
103,0.37021083,-0.1360202,0.37480947,-0.259693,-0.10526933
104,-0.14784415,0.3005083,-0.20933966,-0.117677934,0.3336793
105,0.14724469,-0.5184037,-0.54019517,0.12343448,0.17851943
106,-0.19179969,0.5264622,-0.07185743,0.5690444,-0.010814275
107,-0.154814,0.089415886,0.30965793,0.47860748,0.044444103
108,-0.03812027,0.5576313,0.17920649,-0.13102703,0.15432252
109,-0.19269298,-0.37528723,0.17819397,-0.20682934,-0.37968302
110,-0.3255919,0.10747306,0.35178652,0.03294367,0.11723391
111,0.19218703,0.008244501,0.36555684,-0.014986876,-0.32702687
112,0.2626262,-0.029653555,0.18565616,-0.37658948,-0.022277165
113,-0.28116658,0.18475358,-0.008500277,-0.1838532,0.41021836
114,-0.5936261,-0.10485021,0.2777152,-0.17268267,-0.05153216
115,-0.28430375,-0.2892231,0.34226328,-0.56468606,0.41588292
116,-0.7678551,0.2685535,-0.08986275,-0.110267356,0.27593488
117,0.15647751,0.09615908,-0.15313797,-0.44347784,0.13627689
118,0.10750217,-0.09714607,-0.14594893,-0.65177345,-0.25465128
119,0.49017185,-0.0397199,-0.38537136,0.081859976,-0.11711467
120,-0.06800592,-0.36267364,0.24088679,0.2376053,-0.3748373
121,0.39884862,-0.45142874,0.13518442,-0.006878396,-0.26120326
122,-0.32300502,-0.3360318,0.35443428,-0.6953264,0.19858672
123,0.6885337,-0.16114688,-0.037052862,0.1364717,-0.27591679
124,-0.16676755,0.1406812,-0.45107684,-0.5345862,-0.097054385
125,-0.285185,-0.64954525,0.43944886,-0.17179589,0.11390795
126,0.20678824,-0.45816284,0.31098518,0.24159898,-0.30769885
127,0.023613548,-0.11580124,0.19946635,0.098190665,0.08003574
128,-0.24865098,0.46711937,0.010013699,0.09643937,0.27878258
129,-0.003434266,0.064575106,-0.03675361,-0.36678055,0.354722
130,-0.2300448,0.17761369,-0.15120082,0.5220915,-0.045261152
131,0.10061551,0.079975925,-0.37025857,0.48702794,-0.16062495
132,0.403494,0.13646187,-0.19145457,0.07241806,-0.49924827
133,-0.29239237,0.124794915,0.43639246,-0.5584301,0.1402201
134,0.56531185,-0.11931552,-0.25307035,0.47370124,-0.295124
135,-0.08419943,-0.019981422,-0.03381143,-0.17746532,-0.40920243
136,0.017593283,0.29749367,-0.031675898,0.6275867,-0.16356273
137,0.07628532,-0.32770187,-0.03270661,0.29122972,-0.36252043
138,0.03501178,0.17983559,0.65637374,-0.36976057,0.4252368
139,-0.35515147,-0.30740142,0.67095464,0.29711592,0.009833471
140,-0.23822017,-0.15761602,0.26096982,0.16248372,-0.52691
141,0.2504813,0.53390497,-0.19978575,-0.005526608,-0.07024883
142,0.112796895,-0.06746005,-0.12806882,-0.4170009,-0.078390256
143,-0.5493589,-0.03679023,0.046440147,-0.6014656,-0.101386495
144,-0.23574038,0.7399803,-0.0779037,-0.25361067,0.11733169
145,-0.35788187,-0.015340919,-0.0808239,0.23691005,-0.39437547
146,-0.36770272,-0.027091067,-0.20418178,-0.18510877,0.2637529
147,-0.11111875,-0.024559151,-0.38056365,0.3221092,-0.270439
148,0.18636127,0.16734758,0.019206945,-0.51427114,-0.30356592
149,-0.20854877,-0.5420791,-0.21010244,-0.13771164,-0.02913735
150,-0.23623508,-0.5936208,-0.33977234,-0.04264351,0.027510177
151,-0.23864684,-0.009605141,-0.6569491,-0.42652512,0.13861053
152,0.20191303,0.3190549,-0.17577109,-0.348056,-0.43756086
153,-0.644621,0.03679593,0.32599023,-0.007845893,-0.20436028
154,0.14668922,0.44940895,-0.056814704,-0.10269205,-0.061019376
155,0.028462814,-0.034103785,0.24366866,-0.45305833,0.4593827
156,-0.17214428,0.120377555,-0.47489902,-0.04986932,-0.13650501
157,-0.17401062,0.4212837,0.44143894,0.42097953,-0.5926811
158,0.20564628,-0.13922209,-0.50821555,-0.26374573,0.39247674
159,-0.41708902,-0.10600514,-0.033560053,0.37315375,-0.042558864
160,0.2477929,0.2175563,-0.34813797,0.33382154,-0.44112948
161,-0.056281302,0.10956694,-0.5070504,-0.1939991,-0.15723334
162,-0.09154361,0.5537279,0.46506897,-0.10865824,-0.077811815
163,-0.064330414,0.37737316,0.3374397,0.33816972,-0.5752762
164,-0.31724483,-0.02391878,-0.6303,-0.20016174,-0.058149103
165,-0.13927391,-0.14482708,-0.39623475,-0.12828939,-0.49011979
166,-0.08906913,0.31507033,0.56330544,0.07441478,-0.32791412
167,0.1693993,0.2935579,-0.5116266,-0.07022852,0.08896877
168,0.41766125,-0.12199035,-0.40241948,-0.40011504,0.3119035
169,0.061270017,-0.11512873,-0.0177057,0.048799224,0.2847088
170,-0.6080696,0.15506436,-0.19661237,0.2761831,0.08871678
171,0.49738032,-0.084424935,-0.018494545,0.22146276,-0.36115047
172,-0.007604831,0.03344024,0.18136503,0.129902,-0.40128553
173,-0.26003298,-0.06892384,-0.11175878,-0.4321381,0.22348821
174,-0.18288584,-0.113346726,0.018561132,-0.6518132,0.15620779
175,-0.37552223,-0.5416084,0.4789987,0.10096287,0.13448092
176,0.50335336,-0.23041807,-0.43606198,0.40192774,-0.077538736
177,0.6923883,0.2516005,-0.15583068,-0.4309887,-0.045966595
178,-0.44646195,-0.23903812,-0.06378472,0.32583314,-0.12151731
179,-0.031152477,0.38251895,0.21913674,-0.18983553,0.2543154
180,0.4073306,-0.036788587,0.27310538,0.04978633,-0.4274101
181,0.36809537,0.17254111,0.28710288,0.08488676,0.11098005
182,-0.2874189,-0.27897382,-0.5028581,-0.10234795,0.042726308
183,-0.3297898,-0.33901325,0.508313,0.09683961,-0.27779672
184,-0.25895968,0.40837032,0.38420457,0.42960665,-0.55405205
185,-0.04571611,-0.16935126,-0.57459605,0.0031601286,-0.19820958
186,-0.056626864,0.096555,-0.16381861,-0.059548788,-0.6001376
187,0.0719126,-0.15401375,0.24554898,-0.035328746,0.05098669
188,0.34684145,-0.1511575,0.07766857,0.008333585,-0.20175354
189,-0.2609395,-0.5295058,0.015063369,-0.44897592,-0.19362739
190,-0.067639545,0.76411384,0.38473317,0.14370713,-0.4458218
191,-0.21369247,-0.6259531,-0.6450546,-0.089590065,0.2249976
192,0.2473174,-0.16783275,0.12262327,-0.3787248,0.1414071
193,-0.14883961,0.25489554,-0.36679482,-0.24122074,-0.2677453
194,-0.17069286,0.07808421,0.14495496,0.0827058,-0.7043618
195,-0.30652997,-0.6047536,-0.2418698,-0.23921701,-0.17920926
196,-0.10114181,0.32490802,-0.038438927,-0.15220383,0.28190917
197,-0.0015949137,-0.2244257,0.04841674,0.5495866,0.16533451
198,-0.24790634,-0.20885494,0.16272485,-0.349338,-0.06028138
199,-0.6349973,0.028780643,-0.092839845,0.026804177,0.21344739
200,-0.66723067,0.062803164,0.1240932,-0.50606346,0.13117683
201,-0.44954708,0.46972904,-0.047882892,0.28210896,-0.05850231
202,-0.23865177,-0.1561196,0.17183386,0.16070746,0.16844626
203,0.5309687,0.19430631,0.14064342,-0.038484365,-0.13525505
204,-0.16162476,-0.23338532,0.0055660666,0.18109773,-0.4671944
205,0.5779083,0.06651187,0.0969694,-0.4537321,-0.13159855
206,0.6001106,0.24138184,-0.14899434,-0.41014272,-0.11895391
207,0.13544036,-0.23849928,-0.098992266,0.31653756,-0.28842956
208,-0.025604995,0.6475872,-0.06813932,-0.061744213,0.43022513
209,-0.5265092,-0.11111975,0.25801662,-0.17349193,0.41963747
210,-0.10925147,-0.0032322048,-0.30836913,0.015858138,0.31313106
211,0.4542906,-0.042051043,0.2785737,-0.12594472,0.0026387682
212,-0.3587139,-0.40727973,0.57692116,0.33048326,0.22372387
213,-0.26788458,-0.22230253,0.38148418,0.07878719,0.25588596
214,-0.43665764,0.35773763,0.34080517,-0.1034812,-0.05979944
215,-0.105135456,0.12278394,0.2625047,0.5873937,0.14374767
216,-0.009890747,0.28919226,-0.07352896,0.08725752,0.15412433
217,0.35885143,0.17635521,0.03462259,0.49738935,-0.23525332
218,-0.0808094,0.24952023,-0.2507032,0.17080057,-0.19871774
219,-0.1667631,-0.32547727,-0.29687536,-0.16535407,0.1532822
220,0.18798934,0.56859285,0.31102675,0.15268967,-0.006676733
221,-0.41489628,0.025901733,0.32439476,0.115747906,-0.13275307
222,-0.36119786,-0.101305865,0.2532507,-0.2511018,-0.075357035
223,-0.5447656,0.16154465,0.31721428,-0.5008969,0.06524771
224,0.109531604,-0.34836817,0.48831096,0.08470666,-0.0888001
225,-0.016859202,-0.54511714,-0.0901697,0.019028028,-0.47884482
226,-0.5766025,-0.090573765,-0.0038338525,-0.38239083,-0.1710271
227,0.19219784,-0.55355716,-0.21904413,0.41906118,-0.034349874
228,0.7003995,0.004493349,-0.26560554,0.052588683,-0.12477244
229,-0.1626262,0.047280625,0.5993674,-0.08589627,-0.014867679
230,0.14896375,0.17892425,-0.25371128,-0.140016,0.43709576
231,-0.44322735,0.13695371,0.21394275,-0.18035178,-0.2710192
232,-0.024290396,-0.7350349,0.2405213,-0.36699286,-0.024237307
233,-0.04218277,0.19389261,0.029842712,0.14797278,0.14398327
234,0.16696957,0.3482239,-0.2742458,-0.17763291,-0.22898851
235,-0.047224212,0.7077756,-0.14177655,0.012784033,0.4368199
236,0.3700751,0.021648904,-0.03963559,0.18557198,-0.7329833
237,0.08406776,-0.04404663,-0.51435566,0.03438228,-0.24096738
238,-0.2687712,0.5362266,0.16679,-0.3861954,0.22484882
239,-0.091902,-0.53749895,-0.42471388,0.028072882,-0.029798077
240,-0.24318133,-0.16418393,0.38874534,-0.16154261,-0.022503123
241,-0.4905692,-0.5423192,0.02008936,-0.21731418,-0.27785322
242,-0.08307276,-0.64976865,0.036312696,-0.25571963,-0.14393345
243,0.5968707,-0.13092236,0.253626,-0.002141977,-0.24772675
244,-0.21199688,0.15772372,-0.15390119,0.20895816,-0.19073126
245,-0.22690105,0.16643102,-0.2331368,-0.347607,-0.100929156
246,-0.48188013,0.15831405,0.45775574,-0.58214945,0.30099192
247,-0.2756937,0.28069413,0.080120414,-0.1192736,0.34370777
248,-0.17009738,-0.111471295,-0.060568202,0.46936646,0.23359166
249,-0.10117192,0.43041033,0.49086693,-0.29620567,0.0037900538
250,-0.06792714,0.5828943,0.52982545,-0.107978135,-0.3758405
251,-0.116640545,-0.0049693678,0.056244686,-0.008082546,-0.10071203
252,0.26190662,0.37537673,0.3545324,-0.28099364,-0.0606758
253,0.3969409,0.47633946,-0.47739133,-0.11129393,-0.037249546
254,0.052286495,0.105980225,-0.19266492,0.5839779,-0.21000694
255,0.41086188,0.49958515,-0.600074,-0.31756344,-0.26199523
256,-0.1324321,-0.5268996,-0.22426787,-0.51031363,0.1560409
257,-0.20793334,-0.31649882,0.19178124,-0.10975972,-0.5902439
258,-0.038867906,0.55988634,-0.19153227,0.48318973,-0.48897398
259,0.02312208,0.20787692,-0.45642307,-0.28710043,0.18642451
260,-0.51043135,-0.21649693,-0.039718214,0.23940125,0.17161903
261,-0.24731714,0.47325137,-0.2955387,-0.14723492,0.2288493
262,-0.32403088,-0.19600576,-0.25635597,0.17490159,-0.33122164
263,-0.4094991,-0.6168342,-0.063146666,-0.04740326,-0.38374084
264,-0.118842416,-0.463027,-0.44921577,0.33829415,-0.09417163
265,0.11744821,0.04313071,0.31332588,-0.045587044,-0.46666628
266,-0.1801174,-0.53131664,-0.5305646,0.17203379,0.07545787
267,0.061530255,0.106398985,-0.4541185,-0.1669675,0.33017126
268,-0.44991454,-0.026744084,0.36767557,-0.33146092,-0.21398024
269,0.24464059,0.32432726,-0.633388,-0.29955024,0.113665745
270,0.24698165,-0.279277,-0.0820373,0.15819998,-0.050851736
271,0.26513976,0.4238149,0.32033873,0.0046388325,-0.058732264
272,-0.46906525,0.097320765,0.09480085,-0.10442462,-0.24267
273,0.2040491,0.39789537,0.18689324,0.14651138,0.3000615
274,0.12682104,-0.02697834,-0.14269453,0.22388868,-0.5407795
275,-0.2832446,0.026361344,-0.24109349,0.20034847,0.2146805
276,-0.1896346,-0.058162697,-0.32084724,0.0864707,0.049102373
277,0.2100036,-0.066658795,-0.04469376,0.123752594,0.030401034
278,-0.09501991,0.35611773,0.04215227,-0.0836099,-0.27574122
279,0.32315046,0.23760252,-0.03237558,-0.400908,-0.20142524
280,0.33793554,0.46521267,-0.014398853,-0.25245774,-0.182591
281,-0.058163583,-0.023262832,-0.27713266,0.15564351,-0.67770624
282,-0.82088333,-0.21789934,0.50805414,0.0065472494,-0.35044065
283,-0.14998288,0.113539666,-0.040713288,-0.02028042,0.58423924
284,-0.0758854,0.424006,-0.08269837,-0.44565946,-0.22384757
285,-0.059963483,-0.30647877,-0.5248844,0.40598992,-0.2567256
286,-0.2141499,-0.7453538,-0.0802139,-0.036440596,-0.17335603
287,0.13247016,0.19018146,0.2619838,-0.28952858,0.10727792
288,-0.11678833,0.5736869,0.101205744,0.21642146,-0.36896858
289,0.18167865,0.24912603,-0.13109301,0.017654564,0.10968652
290,-0.28521055,-0.4601625,-0.011749236,-0.60970587,-0.16554585
291,-0.30031094,-0.2799423,0.21117076,-0.20764618,0.02014859
292,-0.0071951738,0.5085897,0.079774864,-0.10418857,0.44142976
293,0.1790724,0.54048765,-0.40625086,0.14196102,-0.24324924
294,0.027953815,-0.119420126,-0.3297892,-0.5491182,-0.061023742
295,-0.17064933,0.5150052,-0.048248034,-0.4346394,-0.085630976
296,-0.38838935,-0.55047613,0.39510912,0.055121608,-0.09432706
297,-0.06465895,-0.33116347,-0.1519213,-0.030798325,-0.1472156
298,-0.367351,-0.30124867,0.43878725,-0.14005524,0.20026049
299,0.10877609,0.47650906,-0.25699097,-0.033533208,0.3684067
300,-0.42359623,-0.084629975,-0.33116996,-0.30034107,0.50515777
301,0.34974223,0.5230737,0.0020572566,-0.2379311,-0.20639734
302,-0.35879526,-0.054065228,0.09093501,0.49473304,-0.1467374
303,0.033863373,0.15957835,0.29039854,0.08216069,0.266861
304,0.26297224,0.6680232,-0.11581744,-0.058710042,0.3221797
305,-0.12478499,0.22258902,-0.16007008,-0.36817077,0.37826878
306,-0.38829976,0.05239431,0.27004603,-0.558563,0.17654365
307,0.0076590525,0.40560886,-0.25902945,-0.26558772,-0.15188904
308,-0.1324723,-0.1065252,-0.5066063,-0.06801384,-0.49391595
309,-0.41051516,0.27737346,-0.45439875,-0.33148357,0.2013292
310,-0.09019309,-0.6843353,-0.3326676,0.035977926,0.05003636
311,-0.27811345,0.07915052,0.09239332,0.1195937,0.27443287
312,0.1682609,-0.6700156,-0.11433782,-0.35890192,0.10614073
313,0.056536257,-0.47336707,-0.4297608,0.3708758,-0.2847236
314,-0.092657566,-0.28061774,0.33948913,0.13158807,0.08743066
315,0.3976946,0.037015714,-0.40137902,-0.044941824,-0.2662542
316,-0.097330436,0.1910468,0.39053282,-0.23864429,0.41668248
317,-0.5598711,-0.44423363,-0.11088438,0.16566747,-0.4337907
318,0.023803772,0.018461805,0.33864433,0.12627976,-0.14097539
319,0.36643046,0.1123361,-0.11419679,0.07148749,-0.59282863
320,0.082363844,0.33197358,-0.043640684,0.5179657,-0.46171057
321,0.36696714,0.20767973,-0.38599068,-0.40051937,-0.21455255
322,-0.24658465,-0.0050554127,0.27501145,0.009113193,0.054912977
323,-0.23161638,-0.024055619,0.36160007,0.4461866,0.1774064
324,-0.15845858,-0.5723106,0.43370026,0.2379003,-0.07784972
325,0.02803205,0.668643,-0.24026732,0.24052653,-0.31476998
326,-0.2870578,-0.29709753,0.016645936,-0.31354973,-0.2731681
327,0.101425044,-0.018399013,-0.18387787,-0.070913374,-0.032589138
328,-0.4409809,-0.21824968,0.3943258,0.11708036,-0.40991065
329,0.31842852,0.17151722,-0.05242068,-0.15578237,0.31966332
330,0.66788393,-0.087378345,0.14740363,-0.083233394,-0.37748453
331,-0.5306197,0.011322321,-0.103122145,-0.55922973,0.15096657
332,0.26581538,0.14699799,-0.054602355,0.4211643,-0.37604102
333,0.042742398,0.59989786,0.061305728,0.057314433,-0.2519659
334,-0.32837093,-0.38911575,-0.42569366,-0.0491313,-0.24765779
335,-0.24271129,-0.35431346,0.05485362,-0.5080315,0.18612848
336,-0.079481184,0.42247763,-0.00059968885,0.20705849,0.44953585
337,0.27166322,-0.2249145,0.2031666,-0.109917924,-0.52942276
338,-0.40816352,0.2974242,-0.11791555,0.5715294,-0.3413398
339,0.24978785,0.08446293,0.039325375,-0.1368123,-0.3626214
340,-0.36064774,0.08040224,0.3142935,-0.48854786,-0.09929288
341,0.0956863,0.43381533,-0.20504838,0.024227664,0.055127036
342,0.25170147,0.16857205,0.3743459,-0.39692518,-0.11681958
343,0.03723551,0.17694357,-0.303564,0.09144541,-0.41247046
344,0.06426742,-0.042204536,0.28999647,0.27852005,-0.38274318
345,-0.17684455,-0.44018832,-0.44030556,-0.561093,0.17596328
346,-0.023859346,-0.31701675,-0.1863344,0.15362202,0.23334433
347,0.5411295,0.36211917,0.30713305,-0.49670318,-0.027392605
348,0.15617192,0.26783365,-0.020003146,0.2843404,-0.58038265
349,0.3856257,-0.37767258,0.056232292,0.19487631,-0.5056658
350,0.113091774,-0.010334982,-0.17642011,-0.14776725,0.3816756
351,-0.09862558,0.013331299,-0.044609014,-0.6317241,-0.24701525
352,0.056001373,0.47776735,0.22296067,0.11714679,0.32709792
353,0.49388182,-0.05302294,0.3698727,0.0814176,-0.29687968
354,0.53264844,0.12601641,-0.46315616,0.01907849,-0.21368325
355,-0.45648646,0.003796619,-0.06791277,0.38652596,0.14720231
356,-0.07626398,0.18146987,0.2791673,-0.11785595,-0.5371332
357,0.048385315,0.36086136,-0.34160793,0.24569982,-0.5416623
358,-0.010021582,-0.3219285,0.17037465,0.108945906,-0.29227626
359,-0.63836443,-0.062435437,-0.28006163,-0.19580027,0.12559083
360,-0.20295419,-0.32662898,-0.5680002,0.1924184,-0.10712646
361,0.025655815,-0.34867787,-0.09718466,-0.7216968,0.034822684
362,0.21964042,0.050052553,0.39885962,0.17137885,-0.06350739
363,-0.43747944,-0.26953444,0.48910943,-0.15619259,0.2528608
364,-0.48517835,-0.27873367,-0.47422427,0.21089199,-0.38359347
365,-0.19048768,-0.32476622,-0.19295447,-0.62764704,-0.31067038
366,-0.2553338,0.44987714,0.16878122,0.3649521,-0.43240744
367,0.020757396,0.37256604,-0.4380982,0.15316772,-0.40818265
368,-0.2656887,0.3604653,-0.06538154,0.037086576,-0.045484018
369,-0.21711718,-0.570625,0.30305964,0.28718606,0.0071857763
370,-0.3655205,0.105899446,-0.56766856,-0.3617057,0.23542456
371,0.065477185,0.3712309,0.4045192,-0.28478009,0.026876796
372,-0.08585413,-0.18389754,-0.35540724,0.061723106,-0.3240876
373,0.13722631,-0.023710137,-0.2760673,0.14455482,0.25068843
374,0.02473133,0.7784915,0.44418874,-0.116027124,-0.3622667
375,0.1377096,0.046564873,-0.5349703,-0.27943158,0.36855516
376,0.18388751,0.23623677,0.18871857,0.056800175,-0.4741808
377,-0.09844572,-0.56345296,-0.07505177,-0.17968614,0.071791455
378,-0.12684049,0.2680207,0.41842484,-0.070254646,-0.4851335
379,-0.13907614,0.4338256,0.14342079,-0.5387997,-0.17713289
380,0.66555595,-0.22958127,0.040590487,0.15948753,-0.3453694
381,-0.26362965,-0.3805915,-0.105895,-0.42744607,0.36641052
382,0.28425735,0.30707893,0.27055764,-0.30388987,-0.40769508
383,0.37901285,0.11644883,-0.4728576,-0.23306368,-0.044640407
384,0.43273303,0.20715894,-0.5918064,0.04076251,-0.043928724
385,0.58212864,0.09221709,-0.2876581,0.05444922,-0.17001863
386,-0.09656319,-0.7607209,-0.13918008,-0.1957392,0.086546205
387,0.2579603,0.4007602,-0.028839128,-0.021280106,0.058594048
388,-0.17454933,-0.45487586,-0.15914196,-0.061676238,0.27679923
389,0.194385,0.21479718,-0.06282841,0.6141818,-0.17958972
390,0.44837493,-0.2604117,-0.30022877,-0.4449927,0.2175345
391,-0.10447269,0.10478869,0.04705582,-0.11550491,-0.07007697
392,-0.17576446,0.08498563,-0.24745214,0.28270718,-0.31805992
393,-0.5443475,-0.17656331,0.22960605,-0.1625851,0.13395807
394,-0.059525613,0.4787737,-0.2396949,0.113087915,-0.34112567
395,0.21594921,0.16284584,-0.13776518,-0.38116667,0.19619335
396,-0.1933685,-0.016465485,0.19517195,-0.4336961,0.07567186
397,-0.12573159,-0.28897846,-0.16396561,0.25920844,0.13501878
398,-0.13719092,0.28039843,0.28275502,-0.29089484,-0.27816197
399,0.060948726,0.46129274,-0.29583934,0.31536922,-0.20181362
400,-0.5788025,-0.30452877,0.5028254,-0.12228523,-0.03784078
401,-0.5227846,0.008202974,-0.021053635,-0.28404602,0.06469617
402,-0.32181534,0.012979383,0.42910814,-0.38559368,0.18328725
403,0.43116075,0.31355566,0.16496126,-0.51082873,-0.15940192
404,-0.80154353,0.039438307,0.27743584,-0.19373153,0.15020832
405,-0.21756926,-0.11511961,0.1249816,-0.47389638,-0.19223644
406,-0.47251323,0.38164195,0.15307803,-0.42047602,0.057615954
407,0.10650033,0.043125775,-0.10361618,-0.5444405,-0.63089776
408,0.2991643,0.6206429,0.14347689,-0.0045753345,0.37084088
409,-0.16608298,0.14462946,0.0932758,-0.18344496,0.59442866
410,-0.035587046,-0.14099513,-0.2779799,-0.08747359,-0.3079533
411,-0.53566855,-0.25602108,-0.05458111,0.25528395,0.21728985
412,-0.09937678,0.12249589,-0.15225634,0.26626152,0.112789564
413,-0.10985889,0.3863822,0.1338459,0.31349263,-0.38408136
414,0.22866404,-0.04056963,0.21433116,-0.18561476,-0.31402704
415,-0.3424968,-0.31388444,0.060301624,-0.41817996,-0.32681596
416,-0.12030791,0.13439725,0.50473875,0.02884522,0.10831204
417,-0.24725714,-0.10932942,-0.16357985,0.06510701,-0.26398256
418,-0.013718435,-0.21606162,-0.15092476,0.062555194,0.047052883
419,-0.34795833,-0.3001296,-0.55996597,-0.38880235,0.094830714
420,0.018319102,0.35252938,0.5959822,-0.42363316,0.22031008
421,-0.35412824,0.36510906,0.08131141,0.386082,-0.32026285
422,-0.28052324,-0.34046188,0.030496536,-0.3879108,0.45838374
423,-0.29475564,-0.10348616,0.24973369,-0.4736303,-0.10155244
424,-0.69612163,-0.077771224,0.43941846,-0.0044052587,-0.21289031
425,-0.019448958,-0.1373912,0.049361832,0.08782239,-0.16588736
426,-0.55050033,-0.22432725,0.37851778,0.08864364,-0.3162076
427,-0.43968987,0.3275523,-0.008105975,0.25702858,-0.2768188
428,-0.14995858,-0.4440572,0.30017847,0.15252423,-0.008911615
429,0.043221414,-0.34505945,-0.053629994,-0.4014961,0.09683921
430,-0.015300798,0.08395418,-0.08143445,-0.042466965,-0.40511608
431,0.2502426,0.2260416,0.240454,-0.019399926,-0.13829282
432,0.14715113,-0.12661338,-0.16349302,-0.42669258,0.3272743
433,0.02992063,0.16856548,0.34390402,0.23882934,-0.5900543
434,0.09614618,-0.207715,-0.22146426,-0.5183604,-0.19509389
435,0.3630613,0.15163288,0.36283934,0.22757426,-0.30184805
436,-0.02744446,0.7171214,0.342283,-0.33121052,-0.40196803
437,0.017317476,-0.02469351,0.26078984,0.24403134,-0.044900257
438,0.1972565,0.38042802,0.12338471,-0.4906822,-0.53150445
439,-0.3248856,-0.0340667,0.4291894,0.36109796,-0.14083102
440,-0.54208076,0.35439017,-0.06298105,0.012348587,-0.0679918
441,0.48398647,0.16478401,-0.3915708,0.038031925,0.19964503
442,-0.19916919,-0.012515669,0.21161571,0.25106043,0.3162127
443,-0.03168888,-0.43581837,-0.53235596,-0.3849526,0.5647861
444,-0.16755702,-0.13096474,0.093578786,-0.08542917,-0.38210052
445,0.17251374,0.5615452,-0.09550705,0.04013045,0.31003687
446,-0.35695356,-0.324812,0.22302097,-0.072109796,-0.3441184
447,-0.5112095,0.085949704,-0.10151257,0.13144794,0.31760442
448,0.032361463,-0.58149004,-0.18189941,0.008155962,0.09678188
449,-0.41865188,-0.032096043,0.013255949,0.06841542,0.5580737
450,-0.5648135,-0.5021907,0.04024379,-0.11945308,-0.43048963
451,-0.3953053,0.27840376,0.32160422,-0.12549606,-0.07406834
452,0.18990096,0.21684575,-0.23513083,-0.5408388,-0.49136862
453,0.15760171,0.34413904,-0.36309707,0.26641595,-0.58689666
454,-0.43820283,-0.5309228,-0.028939625,0.18951194,0.0553557
455,0.13153085,0.6218225,-0.05474145,0.18460578,0.37640306
456,0.017720526,0.32814693,0.48218146,0.06469289,-0.44181517
457,0.32690606,-0.06391044,-0.45949033,0.072661966,0.23808351
458,-0.07481331,0.036508694,0.26862055,0.4409696,-0.1815924
459,-0.21397667,0.741591,-0.3217199,-0.22572793,0.10826248
460,0.018060489,-0.5274333,-0.38653064,-0.016618792,0.01755013
461,-0.1950161,0.34246874,0.03576003,0.5926271,-0.342822
462,-0.19871534,-0.67680824,-0.02682896,-0.33431864,0.10643798
463,-0.28432137,-0.0412138,-0.4246271,0.40382725,-0.41729024
464,-0.17520982,-0.057477966,-0.58487326,0.06861658,-0.24911702
465,0.11232226,0.449086,0.50784326,0.08488957,-0.26203418
466,-0.31548876,-0.042737518,0.25646934,-0.46176502,0.42149657
467,-0.074656434,-0.4281247,-0.11198362,-0.56469035,0.23830867
468,0.44374335,0.04411013,0.31907648,-0.2827848,-0.085687906
469,-0.29601258,-0.1738233,-0.14893062,-0.35541177,0.33164066
470,0.6656408,0.010747502,-0.11527803,-0.25286156,-0.086373135
471,-0.1823999,-0.07178312,-0.5216588,-0.1874773,-0.41835317
472,-0.23307401,-0.3640515,0.4360492,0.06417705,-0.12565
473,0.21267521,0.1677374,-0.5728149,0.038176496,-0.2666575
474,0.11953756,-0.46466795,0.004474008,0.009367056,-0.23342746
475,-0.09906185,-0.13337001,0.06443137,0.12957042,0.25156316
476,0.31844047,-0.012863081,-0.4475095,0.2143547,0.06346027
477,0.07234311,0.24510024,-0.30228284,-0.15637699,0.35787028
478,-0.21395715,0.7558729,-0.23765835,-0.1207106,0.31374148
479,-0.14776231,0.35931945,0.15149552,0.23825932,-0.5372865
480,-0.47655448,0.26164868,0.4133092,-0.38956136,-0.22661783
481,-0.7195006,0.07310199,-0.41374922,-0.34063587,0.19720809
482,-0.024509009,0.013271368,-0.19139826,-0.29743102,0.5243361
483,-0.24552742,-0.6640088,0.097828396,-0.07351552,-0.6552999
484,-0.082686,0.049597215,0.19306046,-0.42543224,-0.39877775
485,-0.5627329,0.2531401,-0.2670131,0.10640329,0.028934285
486,-0.3034227,0.35228607,0.2919572,-0.3354181,0.2591549
487,0.19172138,-0.5359807,-0.47955334,0.1426561,0.09547831
488,0.44722953,0.1755581,-0.4310258,-0.22299361,0.34840086
489,-0.07218786,0.370579,0.039702527,0.29472613,0.25793207
490,0.2877532,0.17816532,0.025959523,-0.20414196,0.1832909
491,0.14007449,0.048919532,-0.07864646,-0.24401048,-0.72400707
492,-0.5273504,-0.10051485,-0.30281484,0.27248794,-0.01161154
493,-0.11432351,0.12825195,-0.03935814,0.28838027,-0.46530673
494,0.43517867,0.14141087,-0.32832524,-0.11948404,-0.20428832
495,0.17246547,0.1863239,-0.197971,0.27071548,-0.27895087
496,-0.10016797,-0.038155533,0.2580026,-0.5798508,-0.016810983
497,-0.08798394,-0.6187,-0.24945338,0.09626426,0.17947099
498,-0.097681805,0.09450952,-0.18216692,0.32921302,0.113025256
499,0.34709093,0.14332417,-0.1620829,-0.17817141,-0.3486877
500,-0.21328445,0.24679151,0.51921564,0.016566485,-0.21214977
501,-0.24178067,-0.49050167,-0.33155453,0.16315085,-0.36461037
502,-0.35109964,0.57150203,-0.06871636,0.209786,0.051975086
503,-0.054022454,-0.1367009,-0.06108133,-0.48674276,-0.4275737
504,0.1932071,-0.32572296,-0.18992789,-0.1272505,0.2521867
505,-0.20111954,-0.26554516,0.5546667,0.18861476,-0.0016045461
506,0.0037180963,0.22975586,-0.2406043,-0.33267295,-0.3536047
507,-0.27586362,-0.063106,0.21609528,-0.4558246,-0.11172395
508,-0.09317307,0.3933366,0.3063785,-0.2203392,-0.46476662
509,0.12631695,-0.2921145,-0.009031776,-0.42898732,0.09340358
510,0.2613461,-0.1082824,-0.26734743,-0.4549944,0.01499785
511,-0.071435705,-0.3362861,-0.13107827,-0.535391,0.5145773
512,0.15885048,-0.15732408,0.02452519,0.26949474,-0.075178064
513,0.09299784,-0.009963559,-0.13506415,-0.061128564,0.3120262
514,-0.031839393,-0.2505959,0.17642887,0.1426169,-0.58065957
515,-0.44725305,-0.14151135,0.041331574,0.30812803,0.064040445
516,0.27257037,-0.24245098,-0.25690365,0.2713736,-0.22921637
517,0.1430492,-0.66560495,0.23107123,-0.2756173,-0.120440595
518,-0.6939658,0.15195352,-0.20452444,-0.25976095,0.102271825
519,-0.043996163,0.29242313,0.29154614,0.3039074,0.08355812
520,-0.23594353,-0.6199877,-0.1496435,-0.047702566,0.19101483
521,0.2346857,0.22362375,0.2629695,0.10349837,-0.14111955
522,-0.08124958,0.025031647,-0.030654257,-0.28065613,-0.55345786
523,-0.063177034,0.05706882,-0.074679755,0.009108674,-0.58937556
524,0.09953152,0.66488224,0.58713984,-0.16243261,-0.22029878
525,-0.38898483,-0.34518623,-0.020878755,-0.19595194,0.094585724
526,0.05115932,-0.107861705,-0.23450737,0.4266618,-0.33304125
527,-0.5422184,0.12489088,0.5410584,0.1712482,-0.41049317
528,-0.13117422,0.15001653,-0.47920725,0.04328505,0.02583423
529,-0.582577,-0.44060943,-0.19165145,-0.058745112,-0.37324083
530,-0.26045308,-0.3338334,0.3910971,0.077188306,-0.025743214
531,-0.4190187,0.14921242,0.4523649,-0.15826659,-0.09884901
532,0.07779623,-0.37477756,0.033723664,0.36872783,-0.172839
533,0.03394994,-0.049446814,-0.3151999,0.29270732,-0.5822662
534,-0.4269219,-0.36440265,-0.06409329,0.5420666,0.4214302
535,-0.043000795,-0.55676955,0.14653902,0.18958716,-0.30072492
536,0.25788853,0.369253,-0.3225326,-0.255904,-0.24043405
537,-0.6754391,0.009955871,0.04083244,-0.25728968,0.41109017
538,0.2166735,0.105508454,0.07435404,0.16992013,-0.47893575
539,0.1182404,0.7173021,-0.20905264,0.22312011,0.057301134
540,0.4926628,0.12441326,0.06871312,0.007881682,-0.13643122
541,0.0071534747,-0.52742374,-0.11001433,-0.022486571,-0.011387028
542,-0.46402648,-0.15178834,0.10256692,-0.07340758,0.546149
543,0.2785958,0.58878404,0.052046604,-0.19283357,0.15905455
544,-0.041756578,0.30303305,-0.27932012,-0.3790078,0.15458566
545,0.037204046,0.4763287,0.36552206,-0.3005473,0.0520492
546,0.40992957,-0.18820618,0.092066586,0.4659632,-0.17941965
547,0.16127938,-0.2515354,-0.4597024,-0.22160584,0.05784534
548,-0.01730495,0.03560909,-0.087542675,-0.39312688,0.43428352
549,0.1681007,0.19336,-0.52212155,0.24969175,-0.31031492
550,0.20287266,0.07920831,0.04212045,0.4788142,-0.43589377
551,0.3261202,0.18231176,-0.3019205,-0.4645175,-0.00832029
552,-0.37756562,0.39576295,-0.07350159,-0.049822867,0.3860717
553,0.120381825,0.0692177,0.14776549,-0.6398479,-0.06545631
554,0.022273468,0.219513,0.499187,0.3435618,-0.41356423
555,-0.4815065,-0.28641295,0.1282188,-0.021381387,0.3583354
556,-0.012904972,0.62880397,-0.06563362,-0.4573408,-0.2238007
557,-0.8490073,-0.19625314,-0.07097134,0.26610136,-0.17734547
558,-0.19567414,-0.2433676,-0.12665652,0.27300832,-0.27507254
559,0.426903,0.025188643,-0.05067836,0.26070672,-0.06270349
560,-0.1969207,0.4556831,-0.16745518,0.34824443,-0.27913082
561,0.009581555,-0.49094793,-0.4570539,0.3444707,-0.17018348
562,-0.14741857,0.47175443,0.19038616,-0.00861039,0.10418205
563,-0.3124431,-0.46265996,0.079886004,-0.08916778,0.12826505
564,-0.1001203,0.8870603,-0.009389158,0.24090484,-0.22140029
565,-0.6022876,0.04852735,0.5904927,0.06807075,-0.23780577
566,-0.33771527,0.028572207,-0.16429953,-0.38938123,0.44294158
567,-0.0499972,-0.5151143,-0.27903876,0.17888458,0.016736818
568,-0.08639827,0.45877463,0.5549551,-0.115651354,-0.19320951
569,0.3155849,0.06589971,-0.08226298,-0.16288471,-0.15582655
570,-0.3809959,-0.33506525,-0.07867112,0.33816198,-0.17002907
571,-0.053141944,0.12582742,0.24159905,-0.03257055,-0.0058656745
572,0.12636666,-0.57111716,0.15151864,0.09832292,-0.002004248
573,0.29637113,0.2557763,0.021119941,-0.32921052,-0.4965475
574,0.6168312,-0.10347028,-0.10790135,-0.1259288,-0.13188547
575,-0.22122186,-0.23950486,0.12751466,-0.6889312,-0.1727896
576,0.13695227,0.56204295,0.20225178,-0.10464439,-0.27340353
577,-0.40610945,-0.26293898,-0.10432053,-0.312458,0.095992066
578,0.3558876,0.055977885,0.5739114,-0.056456815,-0.018755358
579,-0.19132955,-0.25101104,-0.513827,-0.019651275,0.106234275
580,-0.3015283,-0.060440604,-0.16370887,0.044371217,0.033021465
581,0.1444145,-0.05344054,-0.5123622,0.4208819,-0.63963115
582,0.19324037,-0.03345039,-0.6411083,-0.14562866,-0.0690305
583,-0.1986058,-0.26134816,-0.09307649,-0.1578099,-0.56416696
584,-0.37159634,0.4460527,0.13009837,-0.27334794,0.27579585
585,0.4365628,0.34081337,0.07997269,-0.44022757,-0.015624415
586,-0.1014214,0.73750883,-0.13464458,-0.18893752,-0.12005575
587,-0.14273657,0.10510794,-0.27870214,0.3704662,0.051629763
588,0.03734653,0.41440848,0.31371194,0.47973686,-0.41842648
589,-0.43773052,-0.03478813,-0.0055069746,-0.15045004,-0.05232342
590,0.10333907,-0.04161819,-0.018840842,0.01890932,-0.7720287
591,0.41565117,0.21119983,0.22462861,-0.21276662,-0.06931778
592,-0.23798265,-0.14306213,0.36602393,0.13191167,-0.5519374
593,-0.14055687,-0.694041,-0.3761695,-0.15069585,0.22013533
594,0.20108117,0.23460767,-0.56582457,0.40300626,-0.48751822
595,0.25423452,-0.46099722,0.062742285,-0.51573366,0.18123402
596,0.27553582,0.2224017,-0.6447989,-0.18880899,-0.15221745
597,0.41167212,-0.117943205,0.34226903,0.2956414,-0.47398317
598,0.1428245,-0.34134266,-0.015397653,0.27469286,0.06608089
599,-0.81266826,-0.04533251,-0.1894217,0.35824937,-0.04406482
600,0.15991707,0.052319426,-0.08813781,0.49889407,-0.313966
601,-0.57029337,-0.26465183,-0.1765213,0.17350246,0.2111563
602,-0.4075245,0.2974001,0.25171477,-0.68485284,-0.111761
603,-0.08072216,-0.5441895,-0.09769084,-0.28830242,-0.064022176
604,-0.18190566,-0.27294612,0.15742221,0.11152515,-0.3872088
605,0.21655053,-0.11853224,-0.306582,0.2593062,-0.5638859
606,0.47787043,-0.35753062,-0.061082426,-0.04530484,-0.14023638
607,-0.109921575,-0.5036354,0.15845597,-0.2996224,0.30091238
608,0.116322815,0.36546132,0.19095819,-0.09934724,0.1364768
609,-0.61195236,0.068394706,-0.16400488,0.15128882,-0.112545826
610,0.086983934,-0.044277757,0.4871186,0.21363503,-0.02398263
611,-0.61610407,-0.19960584,0.520182,-0.1989141,0.13263226
612,-0.018006783,-0.4235649,0.2106014,-0.69396025,0.2691687
613,-0.39020792,-0.13569058,-0.10208095,-0.18070087,-0.119013265
614,-0.025222085,-0.15735844,0.3172293,0.38517103,-0.07617179
615,-0.16443798,0.06584608,-0.14620814,0.05136653,0.38126063
616,0.22541745,-0.044424165,-0.11226295,0.14568037,0.09941325
617,0.33948976,0.29547054,-0.032715194,-0.28672993,0.058694463
618,0.17978765,-0.21775667,0.24189872,0.44430485,-0.13089062
619,-0.20928262,0.65347904,0.017416373,0.36123928,-0.11983675
620,-0.051022824,-0.114264235,0.10880142,-0.6311268,0.052390214
621,-0.39550346,0.3224998,0.19888438,0.15283136,-0.3626988
622,0.568108,-0.10277365,0.15146302,0.018402044,-0.40809023
623,-0.6931572,-0.029465554,0.1444985,-0.33995306,0.1446303
624,0.13352418,-0.31345347,-0.3374544,0.30380806,-0.05799591
625,0.46935156,-0.07280214,-0.21999396,-0.030880349,-0.07606705
626,-0.054905415,-0.4370905,0.23240136,0.0658286,-0.3966349
627,0.23166555,-0.09639206,0.0397071,-0.52513784,-0.40898162
628,-0.49371678,-0.30209002,-0.47378972,-0.0935776,-0.25392523
629,-0.44843337,-0.12542064,-0.26133248,-0.275024,-0.19221005
630,0.026824262,-0.27440575,0.14616357,-0.3498008,-0.3898406
631,-0.18143544,-0.48238564,0.58680975,-0.09004315,0.17592052
632,-0.29637402,0.45405996,0.07585053,-0.13870949,0.09778892
633,-0.043838594,0.20412798,-0.057022907,0.53670233,0.22111347
634,-0.15713045,-0.2647872,0.23367222,-0.5254449,0.45561844
635,0.33599022,-0.24271731,0.008948883,-0.37098137,-0.18420288
636,0.10979906,-0.05311397,-0.36531857,0.026498687,-0.5249859
637,-0.55722004,-0.23257707,-0.34877262,-0.37469956,-0.08885568
638,-0.4518161,-0.37577432,0.5489271,-0.020008983,0.014447398
639,-0.047716253,0.0048104813,-0.024929127,0.19708835,0.2544031
640,0.31252903,-0.030946264,-0.13808535,0.23666601,0.11437651
641,0.16233572,0.54790485,-0.0023984648,0.04439226,-0.29384765
642,0.5093792,-0.10553329,0.3033543,0.084241584,-0.4971353
643,-0.15128402,-0.16754434,0.20755394,-0.16956918,-0.5631211
644,0.2573099,0.28548244,-0.3180441,-0.30233124,0.27672815
645,-0.16575056,-0.14941962,-0.7290871,-0.39143547,0.025368944
646,-0.011786608,0.6902802,-0.23037101,0.45702958,-0.31250682
647,0.40490496,-0.05113659,-0.15303965,0.026882727,-0.33222935
648,0.420029,0.13013162,0.37296185,0.3955884,-0.16457798
649,0.06051377,0.3575836,-0.13816853,0.06921432,0.20146461
650,0.13649073,0.24243419,-0.1448387,0.16906936,-0.6918376
651,0.077370316,0.8677316,0.35186562,-0.3115471,-0.15727125
652,-0.22469687,-0.57888746,0.2352784,-0.034206808,0.11857386
653,0.29843968,0.4799509,0.12878364,0.010818748,0.27096772
654,-0.48775795,0.103228755,-0.21631439,0.18378355,0.307477
655,0.21274653,-0.11359699,-0.26489508,0.12748195,0.18095553
656,-0.083821654,-0.47529763,-0.07377429,-0.08705727,0.3072705
657,0.27305222,0.09580163,-0.15763298,-0.11181538,0.03569617
658,-0.37913805,-0.45692208,-0.21618979,0.21565497,-0.46469462
659,0.32273868,-0.13621476,-0.20161441,-0.5651652,0.09066366
660,-0.32252407,0.4777656,0.13069703,-0.19023873,0.026533687
661,-0.32525277,-0.42697734,0.13917895,-0.002124298,-0.016113289
662,-0.032467473,0.55861646,-0.31568623,0.27616996,-0.10909466
663,-0.19823667,0.6128466,0.4126943,0.15415192,-0.45204985
664,0.19298556,-0.2106934,-0.28270307,0.12388876,-0.15860443
665,-0.05196602,-0.7559162,0.23612204,0.08797956,-0.023665624
666,-0.1502348,-0.057187952,0.103358336,0.5424466,0.31787485
667,-0.18349712,0.23218232,0.2052979,0.23416933,0.10770974
668,0.58558786,-0.02042046,-0.2264598,-0.5306977,0.030512756
669,-0.28341734,-0.059566792,-0.49183568,-0.48608258,-0.024950285
670,0.1960855,-0.009954276,0.31115276,0.2887603,-0.5299699
671,0.31421676,0.22992977,-0.32535493,0.3290564,0.09131388
672,-0.29194054,-0.42708394,0.49232486,-0.03234753,0.04625624
673,-0.043445725,0.22599444,0.4257544,-0.3987488,0.5423214
674,-0.7013797,-0.11836518,0.04910981,0.22283246,0.27154735
675,0.09680853,0.023928916,-0.098276004,0.05137507,0.31649584
676,-0.42347243,0.3025087,-0.1315418,-0.24574292,0.058267318
677,-0.054084927,-0.201126,-0.39356568,-0.3139857,0.098048024
678,0.089578204,0.3024048,0.16008933,-0.54638356,-0.2901904
679,-0.27512953,0.3722133,0.18712477,-0.28995508,0.42714423
680,-0.3122186,-0.091198914,-0.13272525,-0.19583978,0.2946632
681,0.27163604,0.57200545,-0.08191096,0.061361887,0.5059825
682,-0.3069882,-0.2256472,0.2361733,-0.2753635,0.22001864
683,0.6764605,0.04198693,0.22630674,-0.33439437,-0.257142
684,-0.39211026,0.22018935,0.10549211,0.038208112,0.06236641
685,-0.25353026,-0.07583882,0.2323113,-0.25822374,-0.21423028
686,-0.61632854,0.19177698,-0.14956936,-0.21867152,0.114814736
687,0.18349127,0.09726612,0.53571326,-0.38591328,0.23350254
688,-0.7906906,-0.02405602,0.07530501,0.19272402,0.10089179
689,-0.27394682,-0.10536653,0.670178,-0.25915587,0.33808175
690,-0.33343711,-0.04321549,-0.14986548,0.33352125,-0.16921835
691,-0.028225781,0.18512005,0.4282801,0.38562292,-0.41350892
692,0.19313712,0.35334918,-0.27488393,-0.22905996,-0.5951565
693,-0.25051436,-0.10675224,-0.33145997,0.43351665,-0.34855458
694,0.26340294,0.17610157,-0.26086617,0.3107076,0.22725889
695,0.2225128,-0.5915993,0.004863581,-0.051126126,0.013116275
696,-0.09610243,-0.46617502,0.10868639,0.076115265,0.014144558
697,-0.30825707,-0.16490857,0.23068571,-0.085891224,-0.16606589
698,-0.041062362,-0.9941432,0.19392896,-0.12242609,-0.20598447
699,-0.45761973,-0.13133475,-0.35250625,-0.6511751,-0.029542165
700,-0.24703641,-0.5621257,0.34773996,-0.13156667,-0.19651504
701,0.16510923,0.075635314,-0.13085425,0.00936498,-0.38584512
702,-0.13919885,-0.091191605,0.04368395,-0.64248675,-0.100143686
703,-0.2923337,0.16066359,0.4616772,0.15425108,-0.4591454
704,-0.2966978,-0.6899163,-0.32415634,0.05013296,0.07480702
705,-0.0813399,0.6973963,-0.07156404,0.20289747,-0.06986225
706,0.009987831,0.21453746,0.05747169,-0.4930889,0.040724747
707,-0.5165538,0.0037654135,-0.3840015,0.026189817,0.090576015
708,0.50519866,0.36693737,0.057532176,-0.2771957,-0.016976325
709,-0.038120624,-0.06505181,0.025968457,0.13255878,-0.210406
710,0.4003039,-0.08411757,-0.102004446,0.035052128,-0.41448325
711,-0.40982288,-0.27976504,0.30007407,0.021124765,-0.041656934
712,-0.41418186,0.11803376,0.54966515,0.25622973,-0.5288489
713,0.03553409,-0.3335525,-0.44206885,0.29681873,-0.4433272
714,-0.20407484,-0.32024497,0.24183008,0.30177063,-0.1042543
715,-0.18153623,-0.015623458,-0.26249343,-0.09747986,0.58329606
716,-0.06513393,-0.14597817,0.30227378,-0.46026716,0.50195426
717,-0.39184436,-0.06610727,-0.2814728,0.36337474,-0.4053864
718,-0.3916589,0.045822512,0.36223635,0.020488134,0.28517297
719,0.13525383,0.35408652,0.3346423,0.35192832,-0.18305123
720,0.398088,-0.15925139,0.18025184,0.24048862,-0.23092398
721,0.2553728,0.009063927,0.11674179,-0.15174846,-0.30997688
722,-0.46316794,0.15257767,-0.31494758,0.2907846,-0.2408856
723,0.11275024,-0.3091519,0.26159146,0.0260107,-0.013178719
724,-0.12303358,0.14085391,-0.16198507,0.35736144,-0.6223329
725,0.19742791,0.5822243,0.5334482,0.048552364,-0.13944662
726,-0.2976545,-0.35779718,-0.1295627,-0.47850046,-0.05836883
727,-0.5020127,-0.039425895,-0.45052016,-0.15044937,0.005272508
728,-0.38717923,-0.20519015,0.24186756,0.086946495,0.34344158
729,0.09449423,0.07732175,-0.28503206,-0.5280589,-0.0359505
730,-0.4032698,-0.40385184,-0.06670247,-0.1322742,0.113478094
731,0.3059688,-0.39564285,0.13221513,0.24021938,-0.24560107
732,-0.0681241,-0.20252612,-0.22216661,-0.095589176,-0.20996663
733,-0.18906474,0.003273337,0.21986416,0.0077430545,0.49211797
734,-0.62652034,-0.44275227,-0.44850543,0.15970968,-0.23795588
735,-0.31624222,0.13457412,0.1415673,-0.14678739,0.3491336
736,-0.36123067,0.038293734,0.116546415,0.32514945,-0.3955939
737,0.09296043,-0.06401914,-0.039544795,0.033942804,-0.5792793
738,0.011075292,0.0037677377,-0.4826593,-0.35312256,-0.35933706
739,0.30667096,-0.07936625,-0.012038696,0.008705998,-0.32423824
740,0.067124374,-0.22224335,-0.05705551,-0.1524115,0.24156247
741,-0.5570976,-0.30338833,0.19443896,-0.36628222,-0.23342872
742,0.06570865,0.8335814,-0.18503909,0.10683131,0.21964535
743,0.008656053,0.36047238,-0.3365002,-0.057995684,-0.27835643
744,-0.098752916,0.4149917,0.34811148,-0.55794007,-0.10296099
745,-0.6570751,0.006593525,0.2167764,-0.11453167,0.11899333
746,-0.14921525,0.3247924,-0.23173068,0.02705527,-0.09909369
747,0.15311308,0.067160025,-0.32111156,-0.16174458,-0.058816332
748,-0.17866546,-0.17333488,0.13354784,0.2386969,-0.33983788
749,-0.7265754,-0.08834158,-0.06848172,0.2577327,0.42312256
750,-0.6366852,-0.29112017,-0.35558483,-0.03936674,-0.06083446
751,-0.13673933,-0.12848309,0.12150299,-0.26326728,-0.38360178
752,0.5641304,0.24064043,0.026682032,-0.27890545,-0.0045993063
753,-0.19763558,-0.34937772,-0.3209207,0.15833105,0.062499534
754,0.08717983,0.09777969,0.34619948,0.12872006,-0.69965047
755,-0.19786906,0.18603607,0.22314632,-0.08078223,-0.41820234
756,-0.4069152,-0.23899011,-0.0009149004,-0.5034279,0.1259306
757,-0.104913846,-0.4020052,-0.060674045,-0.64621353,0.31901672
758,0.17544869,-0.38066193,-0.1620154,-0.009840497,-0.13572484
759,-0.643257,-0.28516167,-0.31099522,-0.095410205,-0.23088923
760,-0.33414957,0.45243242,-0.2775789,0.3901935,-0.1359103
761,0.6357411,0.3144195,-0.51295555,-0.21255413,0.27557114
762,-0.33923423,0.3152027,-0.17724846,0.37833244,-0.17060798
763,0.22135392,0.674981,0.4446141,-0.05251951,0.054588016
764,0.14829604,0.09395738,-0.33271807,-0.13652928,-0.3541118
765,-0.28647277,-0.02138835,0.018936954,0.45074204,0.24603789
766,0.4071806,0.4877136,-0.6763973,-0.3301851,-0.17919277
767,-0.123083256,0.5870682,-0.06457389,-0.05418839,0.2302517
768,0.16184904,0.13445687,-0.24361913,0.25671753,0.07301721
769,-0.06275099,0.23528983,-0.17195758,-0.30157813,-0.31734517
770,0.068959534,0.4281142,-0.14334124,0.67112225,-0.29442292
771,-0.20886356,0.10563478,-0.27740374,0.16441935,0.09088013
772,-0.09583436,-0.64344066,0.083333954,-0.09453659,-0.22717592
773,0.2594441,-0.20874467,-0.04232342,-0.036358096,-0.5935576
774,0.43468937,0.4173999,-0.1034295,-0.20676434,0.3657355
775,-0.6554059,0.17210689,0.28364596,-0.42040405,0.14991651
776,0.20039335,0.42239615,0.04743423,0.46858853,-0.11560687
777,-0.5627225,0.26692703,0.10099179,-0.17688622,0.0722255
778,-0.28771025,0.08093857,-0.1380778,0.34229308,-0.3572694
779,-0.28157288,-0.46427056,-0.11502777,0.045246117,-0.17282301
780,-0.2840671,-0.14266828,0.5370502,0.06479525,0.033591047
781,0.15965572,-0.111385204,-0.01782607,0.059948795,-0.34303555
782,0.34896,0.29492235,-0.13764869,-0.41242683,-0.324695
783,-0.47178212,0.41454586,-0.089205995,0.06621027,0.06724653
784,0.32447907,0.3052329,-0.3228168,-0.3793975,-0.5403638
785,0.074116714,-0.21578746,-0.31992924,0.06976664,0.1563515
786,-0.45256776,-0.5175438,-0.007490889,-0.19526497,-0.4333977
787,-0.44760606,0.28336626,0.09409856,-0.0070106834,0.015778122
788,0.14117868,0.7687814,0.17321521,0.08026871,0.080060646
789,0.15772918,0.14450628,0.14209041,0.09237286,0.06972746
790,0.5336622,0.03906222,-0.4353265,-0.12750417,0.09720676
791,-0.19683005,-0.2222211,-0.12543729,-0.1446263,-0.23563689
792,0.16023865,-0.28333607,0.39358687,0.12177175,-0.12814936
793,0.2301634,0.3233904,0.13478598,0.6605511,0.096773595
794,0.042069748,-0.09842504,0.1976359,0.08003264,-0.26563397
795,-0.022932997,0.5037678,0.3945671,0.3002399,-0.5942671
796,-0.41259277,0.10085849,-0.09118812,0.37386566,-0.010821735
797,0.36640975,-0.09164098,-0.27420154,-0.33782965,-0.07765253
798,-0.5476938,0.34497494,0.36769402,-0.2957599,-0.13535938
799,0.08995685,0.49115896,-0.39350843,0.021446887,-0.34474978
800,-0.102414615,-0.16741452,-0.45929182,-0.13105546,0.39111888
801,0.11952707,0.637837,-0.3641978,-0.057763252,0.06887642
802,-0.6889749,0.14866595,-0.35255852,-0.28400248,0.19595742
803,-0.2646097,0.29254073,0.12527917,0.50969243,-0.3953195
804,0.33114988,-0.27961394,-0.1487811,0.27209637,-2.7493108e-05
805,-0.289031,-0.22968361,-0.22189113,-0.78719085,-0.25552672
806,-0.38153505,-0.23253725,0.12895249,0.3636273,0.24486168
807,0.19315344,0.23609734,-0.24946997,-0.6023874,-0.51770175
808,0.039933003,0.66381365,-0.23734994,0.35745648,-0.18697849
809,-0.5058478,-0.02389975,-0.3000604,-0.26493284,0.24002598
810,-0.27710637,-0.01965041,0.062420756,-0.5066947,-0.07881896
811,0.4647482,0.10557544,-0.11799641,-0.14535953,-0.22820973
812,-0.17988653,0.6612839,-0.19903398,0.6011198,-0.4019735
813,-0.66993034,0.345759,-0.1740392,-0.18838927,0.33858567
814,-0.05078404,0.27100882,0.29052705,-0.18938361,0.29849654
815,-0.81408566,0.14667721,0.12685934,0.046661887,-0.009294946
816,-0.32110623,-0.38173738,-0.010726327,-0.13783096,0.12291559
817,0.017329145,0.42112592,0.41595787,0.11404137,-0.32362413
818,-0.027893009,0.30644846,-0.16092102,0.37153178,-0.2517489
819,-0.032283198,0.11972859,0.19777085,0.33479935,-0.6249532
820,-0.042897042,-0.066914424,0.23756857,0.38470778,0.22286256
821,-0.5166687,-0.2994211,-0.29343417,-0.09410877,0.22286436
822,-0.03618974,-0.20406699,0.25402692,-0.09460087,0.35158807
823,-0.14138125,0.16486761,-0.27429557,0.37725988,-0.5603634
824,-0.7580213,0.0728304,0.25158516,-0.01955444,-0.024901375
825,-0.35697764,0.10836951,0.27956858,-0.056799408,0.20099849
826,-0.25323117,0.5650956,-0.28495485,0.14180578,-0.06687257
827,-0.1267388,0.15239005,0.37733608,-0.09438391,0.37652034
828,0.044732198,0.65675515,-0.09328623,0.43345165,0.045974046
829,-0.20348133,-0.51302105,0.18823977,-0.009513953,-0.20363867
830,0.52040404,0.24663158,-0.38609838,-0.027558563,0.0061879084
831,-0.08106131,0.07750448,0.57263124,0.088456646,0.13937609
832,-0.4074573,-0.13528289,0.49799448,-0.42148775,0.07754141
833,-0.17925665,0.1720461,0.20156224,-0.5030596,0.26033062
834,-0.4703777,-0.15858041,-0.15039302,-0.5027301,-0.15949614
835,-0.2736068,-0.09333531,-0.5398512,-0.50884205,0.1496553
836,-0.12333815,0.2278697,-0.17175616,-0.22863539,0.085939944
837,-0.26755455,0.5908194,-0.016549224,0.5250275,-0.3169987
838,-0.14033426,-0.10431625,-0.20435542,-0.7187395,-0.056067187
839,-0.680094,0.00016180275,-0.39928693,-0.1714464,0.058497258
840,-0.08322039,0.4712506,0.46049973,-0.34681177,0.14437559
841,-0.22303559,-0.2431712,-0.08739665,-0.78719777,-0.15699776
842,-0.056636117,0.40810156,-0.28391808,0.33629027,-0.31787404
843,0.34644026,0.45447522,0.1562103,-0.07526746,0.10645302
844,-0.16205345,0.17227428,0.3631759,0.5196761,-0.09286063
845,0.113058895,-0.23744455,0.061803196,0.3598527,-0.25910443
846,-0.06906622,-0.21065782,-0.48133534,-0.28132626,-0.011293835
847,-0.19802736,-0.57266295,0.5479964,0.0863477,-0.0065055904
848,0.07550063,0.3545798,-0.7476034,-0.16343968,-0.31558943
849,-0.068687275,0.5539543,-0.0964007,-0.3913803,-0.085769065
850,-0.17111903,-0.48705336,-0.14697105,0.08371151,-0.1769371
851,0.1808391,0.16687033,0.68553203,0.34422708,-0.3338421
852,-0.09578538,-0.5465075,-0.19528493,0.0015641887,-0.38216892
853,-0.4741766,-0.017371371,-0.21934472,-0.40306035,0.19703797
854,-0.4955673,-0.30545047,-0.15037957,0.42637524,0.15367693
855,-0.22628343,-0.31268552,-0.36443344,0.15195963,0.15628171
856,-0.16631071,-0.34318897,0.65659475,0.05229239,0.20245853
857,0.21638301,0.0482297,-0.45372254,-0.106678545,0.359887
858,0.12993953,-0.29708257,0.0017536159,-0.5873695,0.07823484
859,0.19451553,-0.0766209,-0.12702039,0.36104533,-0.57223105
860,-0.25144807,-0.1479741,0.025608465,0.003917752,0.5729085
861,0.4625251,0.2527196,-0.09395425,-0.05946344,-0.08882719
862,-0.5415395,-0.12331331,-0.11423265,0.19550762,-0.3575644
863,-0.2443239,0.33032906,0.17566642,-0.17864007,0.28974754
864,0.4352279,0.2937502,-0.5396121,0.06643706,-0.25878835
865,-0.22419831,-0.5022111,0.21386915,-0.016332094,0.27980873
866,-0.1749419,-0.5315066,-0.36276662,0.016151737,-0.12796772
867,0.2660404,-0.26775527,0.20809685,-0.049458202,-0.10473251
868,0.20400067,-0.34189662,0.34158924,-0.22220936,0.055216953
869,0.254698,-0.023656445,-0.07979126,-0.26970357,0.32578412
870,0.032866295,0.20990273,-0.42938885,0.25188538,-0.109254256
871,-0.30222774,-0.25317866,-0.33782303,0.08411962,0.30618536
872,-0.2702106,0.006544665,0.28209484,-0.2152386,0.6033824
873,0.2787426,-0.05168229,0.214546,-0.62380475,0.13665015
874,-0.0630112,0.7742657,0.27146202,-0.4556352,-0.28248256
875,0.064225465,-0.29738978,0.017916711,0.2558359,0.0074001607
876,0.19054945,0.32454517,-0.7194272,0.061237834,-0.47248068
877,-0.51406497,-0.10607785,-0.050499797,-0.39691707,-0.14282626
878,-0.30919197,-0.41822204,0.631124,-0.1201013,0.30048344
879,-0.4527288,-0.025781104,0.03043248,-0.46688762,0.41480026
880,0.27997702,0.40881932,0.3072366,-0.12666078,0.14041202
881,0.023995431,-0.65532833,0.42088848,0.12164489,-0.20182297
882,-0.44526216,0.107773475,-0.16103187,0.12104253,0.08224683
883,-0.45337263,0.26295623,0.38940585,-0.25122058,-0.18478389
884,-0.43883976,-0.117335774,0.281058,-0.5719684,0.39531896
885,-0.12974563,-0.046919618,-0.0041547604,-0.2021772,-0.4959823
886,-0.56351745,-0.018321471,0.4304588,-0.07434918,-0.3040685
887,-0.09006289,0.39534986,0.19549103,-0.32136047,-0.15820117
888,-0.41801748,-0.029295985,-0.26051754,-0.22566701,0.3371298
889,-0.3912606,0.010275392,0.1258606,0.23745385,-0.06918831
890,-0.5499224,0.19170913,-0.07914863,0.37774757,-0.07360689
891,0.3508819,0.3442231,-0.067513175,-0.46763757,-0.11459263
892,0.19948235,0.15193768,0.17309768,0.4484788,-0.09758459
893,-0.5310103,0.056942336,0.4164326,-0.500863,0.42087823
894,0.3131439,0.049382333,0.38725325,0.15545768,-0.40933102
895,-0.03298025,0.20903511,-0.23448904,-0.09430918,0.13665001
896,-0.033250898,0.27633342,-0.6670098,0.010211398,-0.37394118
897,-0.64227855,0.0019076071,-0.43840268,0.08204147,-0.028031707
898,-0.04383932,0.6203602,-0.217436,-0.11259582,-0.22415702
899,0.19016,-0.18746641,-0.3111889,-0.21335757,0.048669264
900,-0.12844737,-0.24991268,0.20661616,0.15183814,0.23148207
901,0.0032431728,0.16986156,0.5524679,-0.2844758,0.15321127
902,-0.40640056,0.21024367,0.22601308,0.44834286,-0.32470465
903,-0.25760263,-0.52984744,-0.027663006,0.18089773,-0.24979869
904,-0.33381337,-0.09169501,0.59408045,-0.07579419,0.039220717
905,-0.43075228,-0.265479,-0.45366737,-0.38433358,0.11176552
906,-0.32217377,-0.3070104,-0.63490677,0.2087683,-0.45315647
907,-0.14274974,0.08132269,-0.43309444,-0.029406236,0.17572328
908,-0.7394646,0.02471789,0.015831035,0.37294537,0.08871064
909,-0.22597522,-0.060608245,0.25558785,-0.22013706,0.084710814
910,-0.5648303,-0.04332836,-0.06308644,-0.20607926,0.1557895
911,-0.074508294,0.05074558,-0.050302047,0.48153868,-0.2712032
912,-0.36005905,-0.17061317,-0.032536145,0.10825433,0.34661272
913,-0.121608555,-0.25186262,0.41711065,0.27971733,-0.060456596
914,-0.10622137,-0.71010673,-0.060250696,-0.057200383,-0.17062466
915,0.034025047,0.2263326,0.29962736,0.064804494,-0.361523
916,-0.033932015,-0.18507819,0.2721329,0.056640938,-0.46867397
917,0.18950738,-0.22532326,0.33442047,0.22214738,-0.14309777
918,0.033446528,0.42138347,-0.2995643,-0.15295325,0.24186254
919,-0.4585413,0.09659002,0.26604387,-0.5867776,0.29748285
920,-0.22388092,-0.36075813,-0.011844646,-0.6927177,0.30049768
921,0.050132714,-0.34461147,-0.20284106,-0.33864632,0.39726692
922,-0.29116923,0.16108139,0.47524604,-0.14307226,-0.016074864
923,-0.57622856,-0.18613589,-0.114677146,-0.12955903,0.26825148
924,-0.25231084,-0.2388753,-0.50666684,0.2997535,-0.21566525
925,0.22934224,0.23874964,-0.54726845,0.07155947,-0.5234596
926,0.10656114,0.32194468,-0.27540872,-0.12747695,-0.39693803
927,-0.1395282,0.13679065,0.065260805,-0.20411666,0.69308794
928,0.25077155,0.5078351,0.25102493,-0.28847393,0.2723637
929,-0.2824073,-0.632658,0.1239592,0.20242487,0.2927058
930,0.06887372,0.04359776,0.23743297,0.51294404,0.019289538
931,-0.2719553,-0.48397622,0.21548282,0.31649116,0.07561594
932,0.37838346,-0.024479032,0.024056979,0.058134966,-0.71738416
933,0.27130854,-0.21273352,0.27439493,-0.054859128,-0.089055665
934,-0.020683704,-0.7578393,-0.16272561,0.11423832,-0.116118826
935,0.014120843,0.60661906,0.013783443,-0.10864639,0.11310708
936,-0.18018487,-0.39973268,0.6385336,0.25422588,0.12055018
937,-0.77325255,0.010064945,0.34020817,-0.33944595,-0.07706724
938,0.25314298,0.095874004,0.2664312,0.2845305,-0.038280256
939,0.24051684,0.035916585,-0.38591436,0.098490655,-0.40310696
940,-0.22809544,0.51376736,0.24668513,0.15598246,-0.36555982
941,0.34234884,0.25566393,-0.10475212,0.58277833,0.00807227
942,0.1414,-0.39494607,0.027382411,-0.74923843,0.03750477
943,-0.2077915,0.19249521,-0.7120236,-0.21897568,-0.15814392
944,-0.55437964,-0.02472416,-0.103543006,-0.21562637,0.025099851
945,0.09813322,0.3148179,-0.035054676,-0.019495312,-0.6898364
946,0.3096565,-0.13245864,-0.47697473,0.09100304,-0.09203292
947,-0.010965295,-0.2560222,-0.2620811,-0.52303046,0.022158284
948,0.15762396,0.41032735,0.017793087,0.35193932,0.044407174
949,-0.078393534,0.6080745,0.31784633,-0.36176205,-0.21390074
950,-0.15739618,0.00036460324,0.45542765,0.16047658,-0.28476647
951,-0.45654258,-0.47486314,-0.55001944,0.057985563,-0.07982387
952,-0.39395845,0.4626454,0.16794886,-0.089174114,-0.020580532
953,-0.4625374,-0.13016622,0.36122143,0.020673748,-0.21126963
954,-0.41348967,0.25041416,-0.0037705358,-0.3302223,-0.17195065
955,0.00288742,0.48661053,0.15423676,-0.21245302,-0.14248744
956,0.0013727441,-0.49839497,-0.2263537,-0.43460533,0.43673387
957,-0.047436997,0.5336577,0.06512672,0.6052603,-0.056679156
958,0.01914661,-0.2010969,-0.6343802,0.13822858,-0.27374077
959,-0.25156182,0.015838822,0.20759112,-0.4220684,-0.35948193
960,0.31527328,-0.04000708,0.005226073,-0.65720546,-0.026022745
961,-0.57059693,0.050411075,0.14558195,-0.17055282,0.097950205
962,0.103331365,0.531059,-0.1130227,-0.040503457,-0.2315879
963,-0.18284541,-0.20624752,0.6415683,0.2095285,0.21592708
964,-0.26461783,0.013334088,-0.25077724,-0.2518249,0.7986822
965,0.11814292,0.6226075,-0.19844718,0.10431523,-0.27472705
966,0.1076384,0.1000968,0.21556018,-0.46369636,0.39327002
967,0.012487828,-0.23391798,-0.32056254,-0.29717818,0.47385266
968,0.27532905,0.07140655,-0.5326323,-0.17733322,-0.17829803
969,-0.318029,-0.29226407,0.22968984,-0.16465628,0.56967807
970,-0.094954595,0.7198233,-0.03404452,0.4348672,-0.10275027
971,-0.021854177,0.36312634,0.18941373,-0.017400563,0.33696896
972,-0.28586948,0.40501118,-0.21254647,-0.26892412,0.29576188
973,0.14140865,-0.3296459,-0.19970517,0.26146886,-0.057161756
974,0.083533764,0.69090044,0.064329445,-0.16382167,-0.46155128
975,-0.44754347,0.023415443,-0.4369093,-0.35805395,0.26144564
976,-0.28955078,-0.39071676,0.2783656,-0.58032835,0.10179191
977,0.168125,0.37791649,-0.20127656,0.5296358,-0.3229398
978,-0.046543635,-0.264725,0.056609448,-0.43861252,0.5127614
979,0.17338632,0.11553121,0.17045067,-0.14501986,-0.044585545
980,-0.5545292,-0.14643139,-0.3090601,0.16622715,-0.17123713
981,0.29467693,0.43939847,0.14122967,0.14893462,-0.19525625
982,0.37981525,-0.057057377,0.0056089917,-0.34679604,-0.06817685
983,0.015720144,0.5290805,-0.062464595,0.029387062,-0.24697666
984,-0.10162521,-0.4597487,-0.38716158,-0.30458152,0.32312497
985,-0.05378237,0.26405275,-0.13372254,0.12618223,0.198575
986,0.23335755,0.020206701,-0.6261576,-0.43499482,0.14293714
987,0.07937988,-0.30445257,-0.05964476,-0.33365506,0.018662442
988,0.041823503,0.59832895,0.25383925,-0.21090408,-0.5405062
989,0.14008169,0.16343306,0.27683085,-0.1075027,0.336107
990,-0.04969691,0.025733583,0.19764918,0.32520136,-0.07499099
991,0.28912568,0.16012645,0.60587794,0.48434368,-0.17866781
992,-0.29756492,0.030152706,-0.23265311,0.06871326,-0.029731406
993,-0.043647338,0.28553098,-0.32011276,-0.50566936,-0.07264921
994,-0.5932036,-0.3688936,-0.026962053,0.15278995,-0.2807485
995,0.024236757,0.6635913,0.031424213,-0.35207096,-0.25616652
996,-0.055907026,0.28283072,0.107155636,-0.23023282,-0.31858313
997,0.34847257,0.42047423,-0.3938863,-0.04970454,-0.01836899
998,0.04163826,-0.6449332,0.11383822,0.09162574,-0.24896842
999,0.17349118,-0.2700909,-0.1505261,0.23496227,-0.22121324
